"wordID","wordContent"
"2899","abbreviation"
"3413","ability"
"3598","abnormal"
"3679","abolish"
"3728","aboriginal"
"3737","abort"
"3762","abortion"
"3801","abound"
"3960","abrasion"
"4058","abridge"
"4117","abrupt"
"4569","absorb"
"4830","abstract"
"4923","absurd"
"4977","abundance"
"4994","abuse"
"5159","academic"
"5479","accelerate"
"5831","access"
"5897","accessible"
"5956","accessory"
"6127","accidents"
"6146","acclaim"
"6198","accommodate"
"6210","accommodation"
"6238","accommodations"
"6263","accompany"
"6278","accomplish"
"6297","accord"
"6356","account"
"6376","account for"
"6467","accountant"
"6482","accountants"
"6488","accounting"
"6851","accumulate"
"6965","accuracy"
"6981","accurate"
"7014","accuse"
"7024","accuser"
"8004","achieve"
"8014","achievement"
"8283","acid"
"9013","acknowledge"
"9520","acquaint"
"9547","acquire"
"9593","acquisition"
"10561","action"
"10707","actions"
"10723","activate"
"11049","activities"
"11052","activity"
"11120","actor"
"11464","acute"
"12002","adapt"
"12290","addict"
"12354","addition"
"12387","additional"
"12543","address"
"13058","adept"
"13071","adequate"
"13135","adhere"
"13520","adjacent"
"13585","adjoin"
"13688","adjust"
"13966","administer"
"13998","administration"
"14124","administrator"
"14217","admission"
"14357","adolescence"
"14411","adopt"
"14478","adore"
"14860","adult"
"14921","adults"
"15023","advanced"
"15137","advantages"
"15146","advent"
"15222","adverse"
"15261","advertise"
"15268","advertisement"
"15273","advertisements"
"15277","advertising"
"15317","advice"
"15402","advocate"
"15729","aerial"
"16386","aesthetic"
"16559","affairs"
"16563","affect"
"16581","affection"
"16655","affiliate"
"16715","affirm"
"16747","affix"
"16767","afflict"
"16794","afford"
"16962","Africa"
"16966","African"
"17693","age"
"17802","agencies"
"17803","agency"
"17832","agenda"
"18023","aggravate"
"18049","aggregate"
"18134","aggressive"
"18244","agitation"
"18464","agony"
"18546","agreeable"
"18574","agreement"
"18672","agriculture"
"19111","AIDS"
"19204","aim"
"19270","air"
"20478","airport"
"20577","aisle"
"21130","alarm"
"21175","Alaska"
"21497","album"
"22906","alien"
"22925","alienate"
"23806","all"
"24341","allege"
"24375","allegiance"
"24494","allergic"
"24529","allergy"
"24543","alleviate"
"24553","alley"
"24590","alliance"
"24763","allocate"
"25055","allot"
"25206","allowance"
"25282","alloy"
"25401","ally"
"25753","alone"
"25769","alongside"
"26113","alphabetical"
"26442","alter"
"26513","alternate"
"26702","alternative"
"26834","altitude"
"27876","amateur"
"27921","amaze"
"27930","amazing"
"27969","ambassador"
"28059","ambiguity"
"28070","ambiguous"
"28112","ambition"
"28115","ambitious"
"28265","ambulance"
"28476","amend"
"28515","amends"
"28568","America"
"28572","American"
"29039","amid"
"29129","amidst"
"29967","ammunition"
"30303","amount"
"30489","amphibian"
"30809","ample"
"30857","amplify"
"31092","amuse"
"32099","analogy"
"32131","analysis"
"32218","analytical"
"32678","ancestor"
"32704","anchor"
"32821","ancient"
"33358","anecdote"
"33780","anger"
"34512","angry"
"34981","animal"
"35109","animals"
"35430","ankle"
"35692","annihilate"
"35713","anniversary"
"35757","announcement"
"35770","annoy"
"35781","annual"
"35880","annuity"
"36316","anonymous"
"36782","antagonism"
"36831","antarctic"
"36879","antecedent"
"37304","anthem"
"37397","anthology"
"37612","anthropology"
"38387","antibiotic"
"38397","antibiotics"
"38504","anticipate"
"38530","anticipation"
"39770","antique"
"40356","antonym"
"40502","anxiety"
"40566","anyhow"
"40812","apartment"
"40866","ape"
"40990","apes"
"41672","apologetic"
"41929","apostrophe"
"42030","apparatus"
"42061","apparent"
"42153","appeal"
"42215","appearance"
"42355","appendix"
"42397","appetite"
"42421","applaud"
"42518","appliance"
"42541","applicant"
"42552","application"
"42698","applied"
"42757","apply"
"42817","appointment"
"42885","appraisal"
"42919","appreciable"
"42922","appreciate"
"42955","apprehension"
"42961","apprentice"
"42988","approach"
"43015","approaches"
"43040","appropriate"
"43108","approval"
"43165","approximate"
"43265","April"
"43348","apt"
"43378","aptitude"
"43599","aquarium"
"43617","aquatic"
"44204","arbitrary"
"44389","arc"
"44554","arch"
"44615","archaeological"
"44633","archaic"
"44826","architect"
"44854","architecture"
"44885","archives"
"44994","arctic"
"45163","ardent"
"45201","arduous"
"45218","area"
"45349","areas"
"45402","arena"
"45723","argue"
"45754","argument"
"45982","arise"
"46670","armour"
"46732","army"
"47079","arouse"
"47191","array"
"47421","arrival"
"47466","arrogant"
"47831","art"
"48562","artery"
"48815","article"
"48826","articles"
"48885","articulate"
"49044","artificial"
"49273","artillery"
"49309","artistic"
"49528","as"
"50180","ascend"
"50255","ascent"
"50258","ascertain"
"50433","ascribe"
"50613","ashamed"
"50754","Asia"
"51302","aspiration"
"51317","aspire"
"51323","aspirin"
"51435","assassination"
"51442","assault"
"51491","assemble"
"51666","assert"
"51701","assess"
"51730","assessment"
"51763","asset"
"51844","assign"
"51892","assignment"
"51942","assignments"
"51953","assimilate"
"51991","assistance"
"51997","assistant"
"52061","associate"
"52134","association"
"52252","assorted"
"52285","assume"
"52327","assumption"
"52343","assurance"
"52350","assure"
"52661","astound"
"52877","astronomy"
"52986","asylum"
"53987","Athens"
"54049","athlete"
"54219","atlas"
"54280","atmospheric"
"55036","attach"
"55114","attack"
"55132","attacks"
"55138","attain"
"55186","attempt"
"55206","attempts"
"55210","attend"
"55221","attendance"
"55236","attendant"
"55258","attention"
"55284","attentive"
"55422","attorney"
"55462","attractive"
"55484","attribute"
"55691","auction"
"55747","audible"
"55758","audience"
"55773","audio"
"55908","audit"
"55991","audition"
"56017","auditorium"
"56178","augment"
"56226","august"
"56804","Australia"
"56807","Australian"
"56938","authentic"
"56967","author"
"56996","authoritative"
"57003","authority"
"57035","authorize"
"57862","automatic"
"58315","automation"
"58365","automobile"
"58488","autonomy"
"58937","auxiliary"
"59129","avail"
"59142","available"
"59219","avalanche"
"59372","avenue"
"59378","average"
"59621","avert"
"59681","aviation"
"59841","avoid"
"59988","award"
"60014","aware"
"60016","awareness"
"60062","awful"
"60076","awkward"
"60363","axis"
"62232","back"
"62777","background"
"63118","backward"
"63231","bacon"
"63263","bacteria"
"63473","bacterium"
"63774","badge"
"63829","badminton"
"63907","baffle"
"64001","baggage"
"64299","bait"
"64346","bake"
"64520","balance"
"64900","balcony"
"64901","bald"
"64938","baldness"
"65275","ballet"
"65371","balloon"
"65413","ballot"
"65447","ballroom"
"65713","bamboo"
"65766","ban"
"65854","band"
"65980","bandage"
"66119","bands"
"66179","bang"
"66249","banish"
"66276","bank"
"66513","banking"
"66559","bankrupt"
"66610","banner"
"66654","banquet"
"66805","bar"
"67046","barbecue"
"67073","barber"
"67268","bare"
"67359","barely"
"67395","bargain"
"67681","bark"
"67813","barn"
"67941","barometer"
"68163","barrel"
"68235","barren"
"68263","barricade"
"68274","barrier"
"68397","barter"
"68901","baseball"
"69010","basement"
"69087","basic"
"69561","basis"
"70041","batch"
"70179","bath"
"70228","bathe"
"70297","bathroom"
"70485","batter"
"70510","battery"
"70985","bay"
"73555","beach"
"73648","bead"
"73772","beam"
"73952","bear"
"74100","beard"
"74161","bearing"
"74249","beat"
"74397","beats"
"74483","beautiful"
"74492","beauty"
"74736","become"
"75066","bedroom"
"75075","beds"
"75086","bedsit"
"75541","beforehand"
"75675","beginners"
"75677","beginning"
"75766","behalf"
"75772","behave"
"75782","behavior"
"76574","belly"
"76683","beloved"
"76829","belts"
"77061","bend"
"77236","beneficial"
"77275","benefit"
"77311","benefits"
"77596","bent"
"78710","Berlin"
"78957","berth"
"79125","beset"
"79291","best"
"79444","bet"
"79786","betray"
"79834","better"
"80047","beverage"
"80099","bewilder"
"80518","bias"
"80648","bible"
"80690","bibliography"
"80978","bicycle"
"80997","bicycles"
"81018","bid"
"81876","bilateral"
"82087","bilingual"
"82167","bill"
"82834","bind"
"83444","biography"
"83490","biological"
"83571","biology"
"84379","birds"
"84489","Birmingham"
"84524","birth"
"85235","bite"
"85385","bitter"
"85493","bitumen"
"85660","bizarre"
"85747","black"
"86664","blame"
"86762","blank"
"86848","blanket"
"86966","blast"
"87272","blaze"
"87317","bleach"
"87364","bleak"
"87415","bleed"
"87493","blend"
"87698","bless"
"87796","blind"
"87920","blink"
"88064","bloc"
"88076","block"
"88318","blocks"
"88369","blond"
"88370","blonde"
"88391","blood"
"88770","bloom"
"88826","blossom"
"88836","blot"
"88875","blouse"
"89654","blunder"
"89679","blunt"
"89704","blur"
"89731","blush"
"89869","board"
"89978","boast"
"89989","boat"
"90889","boil"
"91124","bold"
"91309","bolt"
"91611","bond"
"91931","bones"
"92084","bonus"
"92197","book"
"92363","bookcase"
"92388","booking"
"92410","bookkeeper"
"92430","booklet"
"92432","booklist"
"92461","books"
"92474","bookshelf"
"92476","bookshop"
"92560","boom"
"92645","boost"
"92685","boot"
"92729","booth"
"92776","boots"
"92924","border"
"93015","bore"
"93760","bother"
"94345","bounce"
"94375","bound"
"94410","boundary"
"94538","bounty"
"94543","bouquet"
"94820","bowel"
"94914","bowling"
"94925","bowls"
"95168","boycott"
"95316","brace"
"95551","bracket"
"95973","brake"
"96137","branch"
"96339","brand"
"96868","breach"
"97002","break"
"97274","breakdown"
"97326","breakfast"
"97412","breakthrough"
"97639","breed"
"97654","breeding"
"97672","breeze"
"97930","brew"
"98005","bribe"
"98149","bridge"
"98307","briefcase"
"98490","brilliant"
"98615","bring"
"98625","bring about"
"98831","brink"
"98892","brisk"
"98959","Bristol"
"98977","Britain"
"98996","British"
"99100","brittle"
"99405","brochure"
"99406","brochures"
"100200","bronze"
"100236","brood"
"100399","brothers"
"100679","browse"
"100818","bruise"
"101097","brutal"
"101318","bubble"
"101643","buck"
"101687","bucket"
"101739","buckle"
"101840","bud"
"101912","budget"
"102297","buffet"
"102379","bug"
"102508","building"
"102596","buildings"
"102692","bulb"
"102836","bulge"
"102869","bulk"
"103001","bull"
"103143","bulletin"
"103257","bully"
"103353","bump"
"103369","bumper"
"103418","bunch"
"103464","bundle"
"103511","bungalow"
"103564","bunk"
"103695","buoyant"
"103879","bureaucracy"
"103935","burgeon"
"103940","burger"
"103972","burglar"
"104026","burial"
"104416","burrow"
"104716","bus"
"104954","business"
"105216","bust"
"105246","bustle"
"105406","butcher"
"105634","butterfly"
"106195","buzz"
"106784","bypass"
"107124","cab"
"107225","cabin"
"107238","cabinet"
"107270","cable"
"108000","cafe"
"108009","cafeteria"
"108111","cages"
"108400","calamity"
"108687","calcium"
"109153","calendar"
"109460","call"
"110058","calorie"
"110406","Cambridge"
"110488","camera"
"110639","camp"
"110675","campaign"
"110929","campus"
"111039","Canadian"
"111080","canal"
"111284","cancel"
"111474","candidate"
"111507","candle"
"111552","candles"
"111597","cane"
"111860","cannon"
"112090","canteen"
"112243","canvas"
"112421","capacity"
"112516","cape"
"112769","capital"
"113607","capsule"
"113674","caption"
"113691","captive"
"113711","capture"
"114341","carbon"
"114890","carcase"
"115020","card"
"115307","cardinal"
"115568","cards"
"115591","care"
"115625","career"
"116467","carpenter"
"116493","carpet"
"116737","carrier"
"116882","carrot"
"116908","carry"
"117098","cart"
"117283","carton"
"117290","cartoon"
"117398","carve"
"117435","carving"
"117694","case"
"117903","cash"
"118162","cashier"
"118330","cassette"
"118446","cast"
"118758","castle"
"118851","casual"
"118881","casualty"
"119117","catalog"
"119150","catalogue"
"119188","catalyst"
"119488","catastrophe"
"119545","catch"
"119662","catching"
"119769","category"
"119814","cater"
"119829","catering"
"119928","cathedral"
"120108","catholic"
"120315","cattle"
"120602","cause"
"120636","causes"
"120649","caustic"
"120754","caution"
"120772","cautious"
"120830","cave"
"120916","caves"
"120975","cavity"
"121259","CD"
"121270","CD-ROM"
"121350","cease"
"122015","cellar"
"122421","cement"
"122525","cemetery"
"122593","censor"
"122624","census"
"122682","centenary"
"122688","center"
"122913","central"
"123212","centre"
"123564","century"
"123831","ceramic"
"124053","cereal"
"124320","ceremony"
"124514","certainty"
"124530","certificate"
"124645","certificates"
"124702","certify"
"125711","chair"
"125928","challenge"
"125950","challenging"
"126030","chamber"
"126172","champagne"
"126201","champion"
"126232","chance"
"126257","chancellor"
"126530","channel"
"126687","chant"
"126732","chaos"
"126771","chapel"
"126841","chapter"
"126989","characteristic"
"127053","characterize"
"127178","charge"
"127378","charges"
"127471","charity"
"127632","charm"
"127719","chart"
"127763","charter"
"127852","chase"
"127886","chasm"
"127918","chaste"
"127942","chat"
"128190","cheaper"
"128259","check"
"128528","checks"
"128544","checkup"
"128608","cheer"
"128625","cheerful"
"128650","cheese"
"129358","chemist"
"129362","chemistry"
"129664","cherish"
"129830","chest"
"129951","chew"
"130089","chic"
"130238","chicks"
"130284","chief"
"130452","child"
"130537","childcare"
"130569","children"
"130644","chill"
"130876","chin"
"130976","Chinese"
"131243","chip"
"131488","chisel"
"132801","chocolate"
"132849","choice"
"132867","choices"
"132871","choir"
"132888","choke"
"133605","chop"
"133699","chord"
"133777","chore"
"134007","chorus"
"134148","Christian"
"134981","chronic"
"135142","chronological"
"135551","chunk"
"135576","church"
"136375","cinema"
"136727","circle"
"136762","circuit"
"136991","circulate"
"137139","circumference"
"137282","circumstance"
"137328","circus"
"137574","cite"
"137599","cities"
"137805","city"
"137893","civic"
"138040","civilian"
"138215","claim"
"138371","clamp"
"138410","clan"
"138585","clarify"
"138618","clarity"
"138683","clash"
"138701","clasp"
"138722","class"
"138979","classic"
"138984","classical"
"139096","classify"
"139114","classmates"
"139118","classroom"
"139209","clause"
"139474","clean"
"139558","cleaner"
"139570","cleaning"
"139640","clear"
"139765","clearance"
"140223","clever"
"140257","cliche"
"140263","click"
"140311","client"
"140340","clients"
"140346","cliff"
"140449","climax"
"140539","cling"
"140558","clinic"
"140720","clip"
"140903","clock"
"140985","clockwise"
"141301","close-up"
"141547","closet"
"141735","cloth"
"141768","clothes"
"141812","clothing"
"142027","club"
"142087","clubs"
"142095","clue"
"142126","clumsy"
"142173","cluster"
"142230","clutch"
"142607","co-operation"
"142608","co-operative"
"142745","coach"
"143105","coalition"
"143151","coarse"
"143227","coastal"
"143693","cocaine"
"144083","cocktail"
"144251","code"
"144598","coeducation"
"144863","coerce"
"144976","coffee"
"145195","cognitive"
"145303","coherent"
"145443","coil"
"145503","coin"
"145536","coincide"
"145541","coincidence"
"145747","cola"
"146359","collaboration"
"146400","collapse"
"146579","colleagues"
"146638","collection"
"146800","college"
"146816","colleges"
"146887","collide"
"147004","collision"
"147383","colonial"
"147449","colony"
"147479","color"
"147832","colossal"
"148240","column"
"148510","combat"
"148671","combine"
"148832","combustible"
"148921","come"
"149288","comedy"
"149314","comet"
"149347","comfortable"
"149366","comic"
"149571","commemorate"
"149582","commence"
"149601","commend"
"149632","comment"
"149650","commentary"
"149674","commercial"
"149907","commercials"
"149979","commission"
"150111","commit"
"150147","commitment"
"150175","committee"
"150234","commodity"
"150284","common"
"150768","commonplace"
"150778","commonwealth"
"150802","commotion"
"150871","communication"
"151007","community"
"151106","commute"
"151110","commuter"
"151151","compact"
"151220","companies"
"151222","companion"
"151244","company"
"151285","comparable"
"151376","compare"
"151437","compartment"
"151466","compass"
"151513","compatible"
"151557","compel"
"151586","compensate"
"151641","compensation"
"151738","competence"
"151767","competition"
"151772","competitive"
"151822","compile"
"151969","complaint"
"151996","complement"
"152110","complete"
"152332","complex"
"152489","complexion"
"152525","compliance"
"152538","complicated"
"152552","complication"
"152565","compliment"
"152596","comply"
"152605","component"
"152660","compose"
"152683","composite"
"152811","composition"
"152871","compound"
"153178","compress"
"153356","comprise"
"153364","compromise"
"153430","compulsory"
"153543","compute"
"153561","computer"
"153856","computers"
"154071","conceal"
"154096","concede"
"154113","conceive"
"154132","concentrate"
"154264","conception"
"154322","concern"
"154332","concert"
"154350","concerted"
"154386","concession"
"154408","concessions"
"154505","concise"
"154528","conclusion"
"154547","concoct"
"154604","concrete"
"154823","condemn"
"154906","condense"
"155039","condition"
"155271","conditions"
"155287","condolence"
"155326","conducive"
"155690","confer"
"155699","conference"
"155743","confess"
"155782","confidence"
"155799","confident"
"155800","confidential"
"155832","configuration"
"155884","confine"
"155899","confirm"
"155911","confirmation"
"155987","conflict"
"156034","conform"
"156108","confront"
"156134","confuse"
"156146","confusion"
"156303","congestion"
"156441","congress"
"156471","congruent"
"156774","conjunction"
"157162","conquer"
"157168","conqueror"
"157172","conquest"
"157222","conscience"
"157231","conscientious"
"157243","conscious"
"157285","consecutive"
"157336","consensus"
"157341","consent"
"157358","consequence"
"157363","consequent"
"157387","conservation"
"157412","Conservative"
"157439","conservatory"
"157441","conserve"
"157458","considerable"
"157461","considerate"
"157474","consign"
"157534","consist"
"157611","console"
"157647","consolidate"
"157763","conspicuous"
"157769","conspiracy"
"157817","constant"
"158078","constituent"
"158090","constitute"
"158100","constitution"
"158180","constrain"
"158216","constrict"
"158258","construction"
"158433","consult"
"158442","consultant"
"158492","consumer"
"158577","consumption"
"158619","contact"
"158797","contacts"
"158836","container"
"158894","contaminants"
"158895","contaminate"
"158941","contemplate"
"158964","contemporary"
"158973","contempt"
"158988","contend"
"158997","content"
"159026","contention"
"159053","contents"
"159069","contest"
"159090","context"
"159225","contingency"
"159367","continuity"
"159814","contract"
"160025","contracts"
"160081","contradict"
"160086","contradiction"
"160199","contrast"
"160273","contribute"
"160286","contribution"
"160340","contrive"
"160348","control"
"160725","controversial"
"160731","controversy"
"160868","convene"
"160873","convenience"
"160883","convenient"
"160898","convention"
"160996","converge"
"161062","conversation"
"161117","conversely"
"161122","conversion"
"161205","convert"
"161312","convey"
"161384","convict"
"161400","conviction"
"161406","convince"
"161606","cooking"
"161862","cooperate"
"161870","cooperation"
"161945","coordinate"
"162086","cop"
"162700","copy"
"163173","cordial"
"163586","cork"
"164398","corporate"
"164458","corporation"
"164520","corps"
"164525","corpse"
"164742","correlate"
"164818","correspond"
"164824","correspondence"
"164832","correspondent"
"164841","corresponding"
"164914","corrode"
"165036","corrupt"
"165607","cosmic"
"165689","cosmopolitan"
"165746","cost"
"166206","costly"
"166262","costs"
"166275","costume"
"166302","cosy"
"166309","cot"
"166410","cottage"
"166464","cotton"
"166660","couch"
"166687","cough"
"166811","council"
"166866","counsel"
"166969","counter"
"167195","counterbalance"
"167290","counterfeit"
"167383","counterpart"
"167594","countries"
"167598","country"
"167654","countryside"
"167791","coupon"
"167832","courier"
"167847","course"
"168047","courtesy"
"168223","cover"
"168287","coverage"
"168443","coward"
"168855","crack"
"169037","cradle"
"169055","craft"
"169169","cramming"
"169523","crash"
"169624","crater"
"169692","crawl"
"169787","cream"
"169848","crease"
"169871","create"
"169930","creation"
"170006","credentials"
"170012","credible"
"170016","credit"
"170237","creep"
"170719","crevice"
"170831","cricket"
"170896","crime"
"170982","criminal"
"171228","cripple"
"171255","crisis"
"171263","crisp"
"171409","criterion"
"171429","critical"
"171710","crocodile"
"171850","crooked"
"171932","crops"
"172860","crouch"
"172974","crown"
"173118","crucial"
"173178","crude"
"173338","cruise"
"173360","crumb"
"173369","crumble"
"173399","crumple"
"173497","crush"
"173559","crust"
"174158","crystal"
"174684","cube"
"174885","cucumber"
"174963","cue"
"175151","culminate"
"175213","cultivate"
"175229","cultivation"
"175239","cultural"
"175257","culture"
"175347","cumbersome"
"175448","cumulative"
"175614","cunning"
"175647","cup"
"175682","cupboard"
"175955","cups"
"176031","curb"
"176103","cure"
"176205","curl"
"176250","curly"
"176301","currency"
"176350","current"
"176613","curriculum"
"176657","curse"
"176704","curtail"
"176735","curtains"
"176799","curve"
"176949","cushion"
"177063","custodian"
"177087","custom"
"177127","customary"
"177174","customer"
"177210","customers"
"177332","cut"
"177636","cute"
"177802","cutting"
"178388","cycle"
"178610","cycling"
"179100","cylinder"
"179370","cynical"
"180944","daily"
"181045","dairy"
"181269","dam"
"181280","damage"
"181312","damages"
"181469","damp"
"181625","dancer"
"181716","danger"
"181731","dangerous"
"182073","dark"
"182268","dart"
"182340","dash"
"182431","data"
"182788","database"
"182846","date"
"183296","dawn"
"183318","day"
"183565","dazzle"
"184259","deadline"
"184263","deadlock"
"184283","deadly"
"184324","deaf"
"184504","dean"
"184564","dearth"
"184930","debris"
"184948","debt"
"185171","decade"
"185426","decay"
"185466","deceive"
"185488","December"
"185518","decent"
"185726","decimal"
"185840","decipher"
"185850","decision"
"185959","deck"
"186023","declaration"
"186103","declare"
"186167","decline"
"186353","decompose"
"186463","decorate"
"186468","decoration"
"186470","decorations"
"186527","decrease"
"186555","decree"
"186595","decrepit"
"186751","dedicate"
"186755","dedicated"
"186795","dedication"
"186816","deduce"
"186827","deduct"
"186948","deem"
"187255","default"
"187348","defeat"
"187381","defect"
"187456","defence"
"187497","defendant"
"187581","defer"
"187717","defiance"
"187743","deficiency"
"187759","deficit"
"187778","defile"
"187838","definite"
"187884","definitive"
"187914","deflate"
"187933","deflect"
"188100","defraud"
"188135","deft"
"188159","defy"
"188206","degenerate"
"188331","degrade"
"188361","degree"
"188893","delay"
"189044","delectable"
"189055","delegate"
"189088","delete"
"189155","deliberate"
"189185","delicate"
"189196","delicious"
"189267","delinquency"
"189314","delirium"
"189351","deliver"
"189398","delivery"
"189715","delude"
"189721","deluge"
"190224","democracy"
"190317","demolish"
"190396","demonstrate"
"190402","demonstration"
"190751","denial"
"190873","denomination"
"190912","denote"
"190921","denounce"
"190936","dense"
"191336","dentist"
"191454","deny"
"191653","depart"
"191662","department"
"191721","departmental"
"191832","dependent"
"191917","depict"
"191959","deplete"
"191972","depletion"
"191999","deplore"
"192092","deposit"
"192326","depress"
"192340","depression"
"192396","deprive"
"192448","depth"
"192530","deputy"
"192651","derelict"
"192764","derive"
"193361","descend"
"193421","descent"
"193457","description"
"193586","desert"
"193633","deserve"
"193704","design"
"193845","designate"
"193885","designer"
"193929","desirable"
"193935","desire"
"193964","desk"
"194138","desolate"
"194218","despair"
"194227","despatch"
"194247","desperate"
"194271","despise"
"194413","destination"
"194456","destine"
"194466","destiny"
"194530","destructive"
"194650","detach"
"194686","detail"
"194721","detailed"
"194752","details"
"194758","detain"
"194786","detect"
"194828","detective"
"194885","deter"
"194892","detergent"
"194903","deteriorate"
"194943","determination"
"195026","detest"
"195144","detriment"
"195145","detrimental"
"195395","devastate"
"195398","devastating"
"195466","development"
"195565","deviate"
"195782","devise"
"195868","devote"
"195892","devour"
"196608","diagnose"
"196693","diagram"
"196718","dial"
"196767","dialect"
"196860","dialogue"
"196954","diameter"
"197350","diary"
"198395","dictate"
"198406","dictation"
"198954","diet"
"199153","differ"
"199161","difference"
"199202","different"
"199430","differentiate"
"199461","difficult"
"199465","difficulties"
"199468","difficulty"
"199512","diffuse"
"199753","digest"
"199903","digital"
"200234","dignity"
"200604","dilapidated"
"200633","dilate"
"200691","dilemma"
"200709","diligent"
"200777","dilute"
"200818","dim"
"200871","dimension"
"201162","diminish"
"201282","din"
"201316","dine"
"201383","dingy"
"201388","dining"
"201482","dinner"
"201831","dioxide"
"201870","dip"
"202370","diploma"
"202377","diplomas"
"202378","diplomat"
"202383","diplomatic"
"202738","direct"
"203331","director"
"203359","directory"
"203563","disable"
"203574","disabled"
"203673","disagreement"
"203771","disarray"
"203801","disaster"
"203900","disc"
"203957","discard"
"203972","discern"
"203993","discharge"
"204168","discipline"
"204211","disclose"
"204231","disco"
"204453","discord"
"204471","discount"
"204601","discovery"
"204622","discreet"
"204628","discrepancy"
"204634","discrete"
"204753","discriminate"
"204832","discussion"
"204841","disdain"
"204852","disease"
"204871","diseases"
"205067","disguise"
"205080","disgust"
"205148","dishes"
"205648","dismay"
"205666","dismiss"
"205781","disorder"
"205864","dispatch"
"205907","dispel"
"205968","disperse"
"206072","displace"
"206118","display"
"206287","disposal"
"206301","dispose"
"206315","disposition"
"206399","dispute"
"206416","disputes"
"206449","disregard"
"206493","disrupt"
"206622","dissertation"
"206677","dissipate"
"206772","dissolve"
"206858","distance"
"206900","distant"
"206939","distend"
"206963","distil"
"207031","distinct"
"207038","distinction"
"207055","distinguish"
"207164","distort"
"207204","distract"
"207215","distraction"
"207238","distress"
"207267","distribute"
"207410","distribution"
"207576","disturb"
"207580","disturbance"
"207691","ditch"
"208008","diverse"
"208031","diversion"
"208054","divert"
"208151","dividend"
"208244","divine"
"208392","divorce"
"208518","dizzy"
"209108","dock"
"209193","doctor"
"209266","doctors"
"209278","doctrine"
"209498","documents"
"209587","dodge"
"209971","dole"
"210251","domain"
"210304","dome"
"210326","domestic"
"210482","dominant"
"210510","dominate"
"210656","donate"
"210685","donation"
"210693","donations"
"210933","doom"
"211032","doors"
"211208","dormant"
"211489","dose"
"211573","dot"
"211697","double"
"212478","doubtful"
"212492","doubtless"
"212962","downpour"
"213034","downtown"
"213155","doze"
"213306","draft"
"213536","drain"
"213575","drainage"
"213619","drama"
"213625","dramatic"
"213702","drastic"
"213883","drawback"
"213907","drawer"
"214000","draws"
"214031","dread"
"214035","dreadful"
"214115","dreary"
"214161","drench"
"214201","dress"
"214255","dressing"
"214381","drift"
"214444","drill"
"214559","drinking"
"214582","drinks"
"214774","driver"
"214803","driving"
"214978","drop"
"215134","drop-off"
"215137","drop-out"
"215175","dropout"
"215266","drought"
"215288","drown"
"215304","drowse"
"215313","drowsiness"
"215348","drudgery"
"215445","drugs"
"216126","dual"
"216342","dub"
"216376","dubious"
"216715","due"
"216968","dull"
"217014","duly"
"217030","dumb"
"217190","dump"
"217678","duplicate"
"217807","durable"
"217875","duration"
"218083","dust"
"218306","duties"
"218328","duty"
"218460","dwarf"
"218528","dwell"
"218560","dwindle"
"218784","dynamic"
"219706","eagle"
"220251","ease"
"220389","Easter"
"220411","eastern"
"220910","eccentric"
"221186","echo"
"221384","eclipse"
"221488","ecology"
"221516","economic"
"221711","economical"
"221718","economics"
"221744","economy"
"222264","eddy"
"222397","edge"
"222525","edible"
"222596","edit"
"222678","edition"
"222685","editor"
"222696","editorial"
"222833","education"
"222848","educational"
"223095","effect"
"223124","effective"
"223311","effectively"
"223327","effects"
"223434","efficient"
"223745","ego"
"223840","Egyptian"
"224395","eject"
"224459","eke"
"224531","elaborate"
"224626","elapse"
"224652","elastic"
"224820","elated"
"224865","elbow"
"224915","elder"
"224933","elderly"
"225422","electrical"
"225557","electrician"
"225560","electricity"
"226435","electronic"
"226663","electronics"
"227083","elegant"
"227156","elementary"
"227217","elements"
"227354","elevate"
"227380","elevator"
"227479","elicit"
"227505","eligible"
"227529","eliminate"
"227586","elite"
"227961","eloquent"
"228007","elsewhere"
"228217","email"
"228325","embargo"
"228333","embark"
"228347","embarrass"
"228362","embassy"
"228382","embed"
"228489","embody"
"228582","embrace"
"228828","emerge"
"228834","emergencies"
"228835","emergency"
"229032","emigrate"
"229125","eminent"
"229177","emit"
"229316","emotion"
"229398","emperor"
"229419","emphasize"
"229469","empirical"
"229547","employee"
"229601","employees"
"229602","employer"
"229611","employment"
"229697","empty"
"230458","enclose"
"230475","enclosure"
"230556","encounter"
"230653","encyclopedia"
"230682","end"
"231003","endeavour"
"231078","ending"
"231554","endorse"
"231791","endow"
"231839","endurance"
"231902","energetic"
"231910","energies"
"231929","energy"
"232084","enforce"
"232147","engage"
"232167","engagement"
"232224","engine"
"232249","engineer"
"232253","engineering"
"232325","engineers"
"232348","England"
"232518","engrave"
"232529","engross"
"232554","enhance"
"232698","enlighten"
"232838","enormous"
"232883","enquire"
"232899","enquiry"
"232923","enrich"
"232965","enroll"
"232974","enrollment"
"232978","enrolment"
"233003","ensemble"
"233096","ensue"
"233122","entail"
"233158","entangle"
"233491","enterprise"
"233529","entertainment"
"233592","enthusiasm"
"233596","enthusiastic"
"233644","entitle"
"233652","entity"
"233881","entrance"
"233922","entreat"
"233955","entrepreneur"
"234007","entry"
"234218","environment"
"234247","environmental"
"234291","envisage"
"234306","envy"
"234359","enzyme"
"234707","ephemeral"
"234975","epidemic"
"235655","episode"
"235997","epoch"
"236198","equal"
"236338","equation"
"236362","equator"
"236485","equilibrium"
"236614","equipment"
"236718","equitable"
"236761","equity"
"236838","equivalent"
"236964","equivocal"
"237008","eradicate"
"237048","erase"
"237169","erect"
"237748","erosion"
"237818","errand"
"237830","erratic"
"237859","erroneous"
"238057","erupt"
"238559","escalate"
"238568","escalator"
"238768","escort"
"239183","essay"
"239198","essence"
"239214","essential"
"239313","establish"
"239387","estate"
"239447","esteem"
"239560","estimate"
"239906","eternal"
"240241","ethnic"
"240972","etiquette"
"241959","Europe"
"241960","European"
"242435","evacuate"
"242452","evade"
"242476","evaluate"
"242567","evaporate"
"242690","even"
"242773","evening"
"242810","event"
"242889","eventually"
"242967","everlasting"
"243074","evict"
"243086","evidence"
"243237","evoke"
"243248","evolution"
"243526","exacerbate"
"243577","exaggerate"
"243616","exam"
"243622","examination"
"243670","example"
"243679","examples"
"243682","exams"
"243738","exasperate"
"243767","excavate"
"243785","exceed"
"243795","exceedingly"
"243797","excel"
"243846","exception"
"243886","exceptional"
"243908","excerpt"
"243916","excess"
"244025","exchange"
"244279","excitement"
"244288","exciting"
"244329","exclaim"
"244351","exclude"
"244381","exclusive"
"244451","exclusively"
"244495","excrement"
"244556","excursion"
"244581","excuse"
"244661","execute"
"244700","execution"
"244759","executive"
"244907","exemplify"
"244912","exempt"
"244974","exercise"
"245023","exert"
"245094","exhaust"
"245191","exhibition"
"245209","exhilarate"
"245216","exhort"
"245254","exile"
"245280","existence"
"245287","existent"
"245307","existing"
"245640","exorbitant"
"245740","exotic"
"245770","expand"
"245849","expansion"
"245947","expectancy"
"246013","expedient"
"246032","expedition"
"246047","expel"
"246058","expend"
"246073","expenditure"
"246136","expenses"
"246154","expensive"
"246159","experience"
"246163","experienced"
"246173","experiment"
"246180","experimental"
"246253","experiments"
"246255","expert"
"246289","expertise"
"246329","expire"
"246421","explicit"
"246467","explode"
"246485","exploit"
"246534","explore"
"246552","explosion"
"246581","explosive"
"246683","export"
"246807","expose"
"246822","exposition"
"246843","exposure"
"247017","expulsion"
"247046","exquisite"
"247144","extend"
"247334","extension"
"247393","extensive"
"247437","extent"
"247479","exterior"
"247509","exterminate"
"247522","external"
"247826","extinct"
"247851","extinguish"
"247903","extort"
"247922","extra"
"248096","extract"
"248516","extravagant"
"248558","extreme"
"248725","exuberant"
"248815","eye"
"249059","eyesight"
"249303","fabric"
"249318","fabricate"
"249367","fabulous"
"249382","face"
"249545","facet"
"249765","facilitate"
"249779","facilities"
"249785","facility"
"249924","factor"
"249989","factories"
"250007","factors"
"250015","factory"
"250164","faculty"
"250188","fade"
"250360","fahrenheit"
"250448","failure"
"250510","faint"
"250726","faith"
"250757","fake"
"250844","falcons"
"250884","fall"
"251065","fallacy"
"251093","fallible"
"251467","falter"
"251495","fame"
"251539","familiar"
"251563","families"
"251568","family"
"252836","famine"
"252858","famous"
"252924","fanatic"
"252964","fancy"
"253114","fantastic"
"253124","fantasy"
"253321","fare"
"253339","farewell"
"253404","farm"
"253469","farmers"
"253479","farming"
"253493","farms"
"253829","fascinate"
"253833","fascinating"
"253891","fashion"
"254130","fastidious"
"254260","fatal"
"254363","fatigue"
"254515","fatuous"
"254556","fault"
"254778","favor"
"254800","favorite"
"254812","favour"
"255043","feasible"
"255060","feast"
"255086","feat"
"255154","feature"
"255183","features"
"255485","federation"
"255515","fee"
"255545","feeble"
"255684","feedback"
"255799","feel"
"255938","fees"
"255940","feet"
"256211","fellowship"
"256306","female"
"256566","fend"
"257001","ferocious"
"257201","ferries"
"257565","ferry"
"257591","fertile"
"257667","fervent"
"257708","fester"
"257724","festival"
"257802","fetch"
"257920","fetter"
"257970","feud"
"258018","fever"
"258157","fiber"
"258278","fibre"
"258711","fickle"
"258858","fidelity"
"258931","field"
"259315","fierce"
"259382","fifth"
"259554","figure"
"259604","figures"
"259751","file"
"260217","film"
"260327","filmed"
"260395","filter"
"260513","filth"
"260622","final"
"260779","finance"
"260803","financial"
"261108","finding"
"261125","fine"
"261409","fingers"
"261540","finite"
"261768","fire"
"262172","firm"
"262227","firms"
"262531","first-aid"
"262731","fish"
"262902","fishing"
"263135","fist"
"263193","fit"
"263238","fitness"
"263258","fitting"
"263774","fixture"
"263830","flabby"
"263871","flag"
"264019","flake"
"264067","flame"
"264258","flank"
"264304","flap"
"264342","flare"
"264373","flash"
"264546","flask"
"264564","flat"
"264806","flats"
"264823","flatter"
"264869","flaunt"
"265004","flavour"
"265027","flaw"
"265144","flee"
"265175","fleet"
"265188","fleeting"
"265264","flesh"
"265372","flexible"
"265564","flicker"
"265604","flight"
"265714","fling"
"265773","flip"
"265838","flirt"
"265885","float"
"266233","flock"
"266422","floors"
"266721","flour"
"266737","flourish"
"266744","flourishment"
"266932","flower"
"267011","flowers"
"267061","flu"
"267090","fluctuate"
"267137","fluent"
"267152","fluff"
"267177","fluid"
"267871","flush"
"267955","flutter"
"267996","flux"
"268047","fly"
"268295","flyover"
"268393","foam"
"268559","focus"
"268742","foil"
"268826","folder"
"269419","food"
"269582","foot"
"270204","forbes"
"270566","forecast"
"270719","foreign"
"270981","foremost"
"271059","forerunner"
"271070","foresee"
"271124","forest"
"271176","forestry"
"271251","forfeit"
"271290","forge"
"271356","forgive"
"271439","form"
"271532","formal"
"271711","format"
"271893","former"
"271954","formidable"
"272016","forms"
"272020","formula"
"272063","formulate"
"272241","fort"
"272265","forte"
"272281","forthcoming"
"272308","fortify"
"272326","fortnight"
"272449","forum"
"272775","fossil"
"272803","fossils"
"272820","foster"
"272921","foul"
"273061","fountain"
"273623","foyer"
"273675","fraction"
"273797","fracture"
"273860","fragile"
"273877","fragment"
"273908","fragrance"
"273931","frail"
"274096","framework"
"274128","France"
"274426","frantic"
"274511","fraud"
"274562","fraught"
"274635","freak"
"275294","freedom"
"275560","freight"
"275672","French"
"275850","frequency"
"276043","frequent"
"276179","fret"
"276303","friction"
"276380","Friday"
"276387","fridge"
"276636","fringe"
"277283","frontier"
"277380","frost"
"277477","frown"
"277679","frugal"
"277690","fruit"
"277751","fruition"
"277791","frustrate"
"277827","fry"
"278081","fuel"
"278310","fulfil"
"278738","full-time"
"278984","fume"
"279061","function"
"279445","fund-raising"
"279454","fundamental"
"279617","funeral"
"279789","funnel"
"279873","fur"
"280035","furious"
"280066","furnace"
"280119","furnish"
"280132","furniture"
"280217","further"
"280267","fury"
"280302","fuse"
"280430","fusion"
"280497","fuss"
"280579","future"
"281248","gaily"
"281607","galaxy"
"281620","gale"
"281844","gallery"
"282288","gamble"
"282689","gang"
"283004","gaol"
"283021","gap"
"283053","gape"
"283085","garage"
"283111","garbage"
"283191","garden"
"283394","garment"
"284181","gasp"
"284990","gaudy"
"285001","gauge"
"285080","gaunt"
"285436","gear"
"286118","gender"
"286138","gene"
"286188","general"
"286657","generalize"
"286776","generate"
"286876","generic"
"286919","generous"
"286948","genetic"
"287025","genial"
"287157","genius"
"287361","gentle"
"287457","genuine"
"291260","geographic"
"291288","geography"
"291331","geology"
"291430","geometry"
"291913","germ"
"291953","German"
"292041","Germany"
"292362","gesture"
"292371","get"
"293059","ghastly"
"293641","gigantic"
"293679","giggle"
"294329","girlfriend"
"294416","gist"
"294489","give"
"295105","glacier"
"295234","glamour"
"295269","gland"
"295421","glare"
"295457","glass"
"295761","gleam"
"295964","glide"
"295998","glimmer"
"296006","glimpse"
"296114","glitter"
"296148","global"
"296522","gloomy"
"296550","glorious"
"296572","gloss"
"296595","glossary"
"296790","glow"
"297043","glue"
"297971","go"
"298624","goad"
"298632","goal"
"298689","goals"
"299145","gold"
"299555","golf"
"300075","good"
"300310","goods"
"300637","gorgeous"
"300810","gossip"
"301115","government"
"301225","governments"
"301284","gown"
"301364","grab"
"301413","grace"
"301459","gracious"
"301486","grade"
"301593","gradual"
"301637","graduates"
"301764","grain"
"301938","grammar"
"302052","granary"
"302080","grand"
"302362","grant"
"302421","grants"
"302437","granular"
"302640","graph"
"302691","graphic"
"303016","grass"
"303131","grate"
"303191","gratitude"
"303209","gratuity"
"303240","grave"
"303263","gravel"
"303427","gravity"
"303632","graze"
"303661","grease"
"303991","Greece"
"303998","greedy"
"304036","green"
"304731","grid"
"304859","grief"
"304883","grieve"
"304952","grill"
"304970","grim"
"305015","grin"
"305023","grind"
"305115","grip"
"305215","grit"
"305262","groan"
"305410","grope"
"305441","gross"
"305647","ground"
"305957","group"
"306166","groups"
"306250","growl"
"306278","growth"
"306386","grudge"
"306431","grumble"
"306831","guarantee"
"306995","guardian"
"307209","guest"
"307239","guests"
"307293","guidance"
"307303","guide"
"307366","guideline"
"307412","guild"
"307575","guitar"
"308190","gush"
"308229","gust"
"308472","guy"
"308603","gym"
"308626","gymnasium"
"309338","habit"
"309368","habits"
"310134","hail"
"311096","hall"
"311447","halt"
"311842","hamper"
"311929","hand"
"312248","handball"
"312259","handbook"
"312333","handicap"
"312419","handling"
"312449","handout"
"312520","handsome"
"312573","handy"
"312600","hang"
"312940","haphazard"
"313167","harass"
"313174","harassment"
"313199","harbor"
"313219","harbour"
"313261","hard"
"313553","hard-working"
"313746","hardware"
"313850","hardy"
"314015","harmful"
"314122","harmony"
"314133","harness"
"314346","harsh"
"314716","haste"
"314746","hasty"
"314753","hat"
"314782","hatch"
"314902","hats"
"314965","haul"
"315000","haunt"
"315886","haven"
"315942","havoc"
"315975","hawk"
"316186","hazard"
"316203","hazardous"
"316622","headache"
"316707","heading"
"316750","headmaster"
"316824","headstrong"
"316852","heal"
"316882","health"
"316938","healthcare"
"316962","heap"
"317026","hearing"
"317079","heart"
"317174","heartbeat"
"317579","heater"
"317725","heave"
"317789","heavy"
"318081","hectic"
"318140","hedge"
"318431","height"
"318460","heighten"
"318562","heir"
"318844","helicopter"
"319029","hell"
"319190","helmet"
"319378","helpline"
"320195","hemisphere"
"320778","hence"
"320779","henceforth"
"321088","hens"
"321662","herb"
"321854","herd"
"321914","hereditary"
"322065","heritage"
"322266","hero"
"322314","heroine"
"324601","hierarchy"
"325433","high-rise"
"325582","higher"
"325709","highlight"
"325815","hijack"
"325834","hike"
"325859","hilarious"
"326122","hinder"
"326205","hinge"
"326264","hint"
"326277","hints"
"326555","hiring"
"326901","historian"
"326904","historic"
"326910","historical"
"326978","history"
"327029","hit"
"327147","hitchhike"
"327175","hitherto"
"327189","hits"
"327425","hobbies"
"327446","hobby"
"327920","hoist"
"328025","hold"
"328428","holiday"
"328716","holocaust"
"329428","homework"
"329716","homogeneous"
"330724","hop"
"330940","horizon"
"331384","horrible"
"331425","horse"
"331585","horses"
"331669","horticulture"
"331707","hose"
"331756","hospital"
"331795","hospitality"
"331822","host"
"331913","hostage"
"331950","hostile"
"332295","hotel"
"332450","hound"
"332519","house"
"332761","households"
"332768","housekeeping"
"332837","housing"
"332913","hover"
"333067","howl"
"333385","hubbub"
"333459","huddle"
"333578","hug"
"333766","hum"
"333780","human"
"333914","humanity"
"333930","humans"
"333942","humble"
"333971","humdrum"
"334024","humidity"
"334044","humiliate"
"334358","hunt"
"334416","hunting"
"334516","hurl"
"334558","hurricane"
"335990","hydrogen"
"337111","hygiene"
"339742","hypothesis"
"340038","hysterical"
"340717","ice"
"341306","idea"
"341315","ideal"
"341408","ideas"
"341444","identical"
"341471","identification"
"341532","identify"
"341546","identities"
"341547","identity"
"341627","ideology"
"341714","idiom"
"341813","idiot"
"341855","idle"
"342285","ignite"
"342352","ignorance"
"342905","illegal"
"343082","illiterate"
"343093","illness"
"343131","illuminate"
"343176","illusion"
"343194","illustrate"
"343281","image"
"343457","imaginative"
"343715","imitate"
"343722","imitation"
"343937","immense"
"343952","immerse"
"343994","immigrant"
"344017","imminent"
"344135","immune"
"344398","impact"
"344464","impair"
"344518","impart"
"344639","impede"
"344719","imperative"
"344794","imperial"
"344944","impetus"
"345023","implement"
"345079","implicit"
"345301","important"
"345330","imports"
"345346","impose"
"345364","imposing"
"345379","impossible"
"345560","impressive"
"345618","impromptu"
"345674","improvement"
"345713","improvise"
"345757","impulse"
"345907","in"
"347930","inability"
"347942","inaccurate"
"348010","inadequate"
"348117","inapt"
"348159","inaugurate"
"348359","incentive"
"348442","incidence"
"348487","incidentally"
"348504","incipient"
"348625","incite"
"348661","inclination"
"348673","incline"
"348752","inclusive"
"348933","incoming"
"349136","incongruous"
"349239","incorporate"
"349360","incredible"
"349370","increment"
"349584","incur"
"349727","indefinite"
"349768","indelible"
"349802","indemnity"
"349869","independence"
"350028","index"
"350245","Indian"
"350413","indicative"
"350422","indicator"
"350494","indifferent"
"350523","indigenous"
"350546","indignant"
"350818","indispensable"
"350884","individual"
"351159","induce"
"351383","indulge"
"351441","industrial"
"351685","industry"
"351808","inept"
"351852","inert"
"351876","inertia"
"351942","inevitable"
"352069","infant"
"352190","infect"
"352198","infection"
"352206","infectious"
"352281","inference"
"352304","inferior"
"352409","infest"
"352460","infinite"
"352538","infirmary"
"352619","inflation"
"352673","inflict"
"352710","influence"
"352739","influx"
"352808","information"
"352897","informative"
"353150","infringe"
"353276","ingenious"
"353388","ingredient"
"353457","inhabit"
"353463","inhabitant"
"353514","inherent"
"353546","inherit"
"353584","inhibit"
"353735","initial"
"353959","initiate"
"353980","initiative"
"354000","inject"
"354009","injection"
"354098","injury"
"354199","inland"
"354477","innocent"
"354524","innovation"
"354547","innumerable"
"354923","inquire"
"354939","inquiries"
"355018","insane"
"355084","insect"
"355146","insects"
"355191","insert"
"355355","insight"
"355386","insipid"
"355433","insolent"
"355464","insolvent"
"355469","insomnia"
"355498","inspection"
"355574","inspiration"
"355591","inspire"
"355602","inspiring"
"355636","install"
"355734","instalment"
"355769","instantaneous"
"355877","instinct"
"355892","institute"
"355912","institutes"
"355916","institution"
"355951","institutions"
"355971","instruction"
"356077","instructors"
"356081","instrument"
"356134","instrumental"
"356172","instruments"
"356252","insulate"
"356392","insult"
"356416","insurance"
"356499","insure"
"356559","intact"
"356651","integral"
"356719","integrate"
"356824","integrity"
"356849","intellect"
"356856","intellectual"
"356885","intelligence"
"356912","intelligent"
"356987","intelligible"
"357034","intense"
"357050","intensify"
"357086","intensive"
"357110","intent"
"357271","interact"
"357941","interest"
"358343","interim"
"358402","interior"
"358693","intermediate"
"358942","intermittent"
"359076","internal"
"359431","international"
"359848","internet"
"360106","interpret"
"360286","interrogate"
"360491","intersection"
"360795","interval"
"360841","intervene"
"360862","intervention"
"360893","interview"
"360899","interviewee"
"360901","interviewer"
"360904","interviews"
"361061","intimate"
"361075","intimidate"
"361781","intricate"
"361793","intrigue"
"361803","intrinsic"
"361902","introduction"
"362023","intuition"
"362104","inundate"
"362142","invade"
"362157","invalid"
"362214","invaluable"
"362228","invariably"
"362294","inventory"
"362552","invert"
"362628","invest"
"362646","investigate"
"362657","investigation"
"362671","investigators"
"362681","investment"
"362791","invigilate"
"362808","invincible"
"362837","invisible"
"362919","invoice"
"363026","involve"
"364713","irony"
"364840","irregular"
"364953","irrespective"
"365039","irrigation"
"365059","irritable"
"365083","irritate"
"365562","island"
"365590","isle"
"366414","isolate"
"366415","isolated"
"366453","isolation"
"367515","issue"
"367561","issues"
"367821","Italy"
"367858","item"
"367894","items"
"368006","itinerary"
"368165","ivory"
"368583","jacket"
"368941","jagged"
"368980","jail"
"369079","jam"
"369381","janitor"
"369442","January"
"369477","Japanese"
"370060","jealous"
"370125","jeans"
"370171","jeer"
"370493","jerk"
"370864","jewelry"
"371270","job"
"371481","jobs"
"371595","jog"
"372360","jolt"
"372699","journal"
"372729","journalist"
"373122","judicial"
"373357","juice"
"373460","July"
"373473","jumble"
"373657","junction"
"373727","June"
"373758","jungle"
"373783","junior"
"373852","junk"
"374054","jury"
"374276","justification"
"374300","justify"
"374368","juvenile"
"375195","kangaroo"
"376399","keen"
"376425","keep"
"376985","kelp"
"377614","kernel"
"378022","key"
"378314","keys"
"378378","keywords"
"378761","kidnap"
"378774","kidney"
"378797","kids"
"379015","killer"
"379137","kilograms"
"379285","kin"
"379335","kindergarten"
"379353","kindle"
"379561","king"
"380159","kit"
"380204","kitchen"
"380285","kits"
"380944","knife"
"381043","knit"
"381069","knob"
"381274","knot"
"381403","knowledge"
"383975","lab"
"384305","laboratory"
"384345","laborious"
"384634","lace"
"384762","lack"
"385273","laden"
"385528","lag"
"385795","lake"
"385888","lakes"
"385996","lamb"
"386105","lame"
"386172","lament"
"386438","lamp"
"386710","land"
"386990","landlady"
"387083","landscape"
"387143","lane"
"387290","language"
"387398","languid"
"387672","lap"
"387926","lapse"
"388607","laser"
"388715","lash"
"389078","latent"
"389145","lateral"
"389367","latest"
"389559","latitude"
"389713","laudable"
"389826","launch"
"389874","laundry"
"390099","lava"
"390201","lavish"
"390229","law"
"390683","lawn"
"390742","lawyer"
"390759","lax"
"390790","lay"
"390998","layer"
"391058","layman"
"391063","layoff"
"391066","layout"
"391940","leaflet"
"391977","leak"
"392135","leap"
"392176","learn"
"392251","lease"
"392334","least"
"392487","leave"
"392769","lecture"
"393268","legal"
"393646","legend"
"393730","legislate"
"393734","legislation"
"393785","legitimate"
"394055","leisure"
"394188","lemon"
"394332","lender"
"394367","length"
"394432","lenient"
"394488","lens"
"394975","leprosy"
"395372","lessons"
"395391","let"
"395525","lethal"
"395590","letter"
"396306","level"
"396454","levels"
"396463","lever"
"396680","levy"
"396991","liability"
"397036","liable"
"397044","liaison"
"397140","liberal"
"397304","libraries"
"397305","library"
"397395","licence"
"397583","lick"
"398120","lifestyle"
"398140","lift"
"398620","light"
"399145","lights"
"399431","likelihood"
"399451","likewise"
"399624","limb"
"400208","limp"
"400416","line"
"400815","linear"
"401058","linen"
"401077","liner"
"401151","linger"
"401295","linguistics"
"401390","link"
"401760","lions"
"402733","liquor"
"403039","list"
"403304","literacy"
"403353","literally"
"403388","literature"
"403894","litter"
"404091","live"
"404358","livestock"
"404933","loaf"
"404960","loan"
"405063","loans"
"405082","loath"
"405131","lobby"
"405361","local"
"405611","locality"
"405702","location"
"405730","locations"
"405799","lock"
"405917","locker"
"406043","locomotive"
"406141","lodge"
"406171","lodging"
"406277","lofty"
"406278","log"
"406433","logic"
"406757","loll"
"406871","London"
"407508","longitude"
"407908","loom"
"407935","loop"
"408645","loss"
"408889","loth"
"408957","lottery"
"409146","lounge"
"409825","low-risk"
"410217","loyal"
"410456","lubricate"
"410582","lucid"
"410656","luck"
"410697","lucrative"
"410759","ludicrous"
"410960","lull"
"411172","luminous"
"411218","lump"
"411329","lunar"
"411374","lunch"
"411670","lure"
"411691","lurk"
"412061","luxury"
"413641","machine"
"413841","machines"
"413953","mackintosh"
"414828","madden"
"415114","magazine"
"415203","magic"
"415282","magistrate"
"415345","magnanimous"
"415350","magnate"
"415568","magnetic"
"416143","magnificent"
"416155","magnify"
"416177","magnitude"
"416442","maid"
"416452","maiden"
"416510","mail"
"416646","mails"
"416652","maim"
"416664","main"
"416950","maintain"
"416969","maintenance"
"417168","maize"
"417189","majestic"
"417205","major"
"417369","majority"
"417407","majors"
"417440","make"
"418454","making"
"418728","malaria"
"418831","Malaysia"
"418886","male"
"419105","malice"
"419143","malignant"
"419263","mall"
"419279","malleable"
"419416","malnutrition"
"419623","maltreat"
"419780","mammal"
"420065","manacle"
"420097","management"
"420217","manager"
"420382","mandate"
"420393","mandatory"
"420601","maneuver"
"420912","mania"
"420921","maniac"
"420969","manifest"
"420994","manifold"
"421060","manipulate"
"421183","mannerism"
"421390","mansion"
"421493","mantle"
"421538","manual"
"421697","manufacture"
"421847","manure"
"421863","manuscript"
"421982","map"
"422124","mar"
"422243","marble"
"422324","march"
"422601","margin"
"422628","marginal"
"422993","marine"
"423142","marital"
"423161","maritime"
"423361","market"
"423522","marketing"
"423649","marks"
"423976","marrow"
"424042","marsh"
"424227","martial"
"424338","martyr"
"424379","marvel"
"424392","marvelous"
"424560","masculine"
"424637","mask"
"424779","mass"
"424953","massacre"
"425035","massive"
"425099","master"
"425282","masterpiece"
"425527","match"
"425593","matching"
"425678","material"
"425825","materials"
"425895","maternal"
"425944","mathematic"
"426024","mathematics"
"426224","matrimony"
"426542","mature"
"426991","maximum"
"427246","may"
"428503","meadow"
"428557","meagre"
"428567","meal"
"428589","meals"
"428604","mean"
"428753","means"
"428823","measure"
"428863","measurement"
"428901","measurements"
"428950","meat"
"429358","mechanism"
"429539","medal"
"429570","meddle"
"429606","media"
"429773","mediate"
"429832","medical"
"430039","medicine"
"430091","medieval"
"430132","mediocre"
"430168","meditate"
"430206","medium"
"430446","meek"
"430535","meeting"
"431275","melancholy"
"431482","Melbourne"
"431803","melodious"
"431823","melody"
"432054","membership"
"432276","memento"
"432380","memorise"
"432556","menace"
"433033","mental"
"433152","mentality"
"433461","mercantile"
"433545","mercenary"
"434009","mercy"
"434046","merge"
"434202","merit"
"434651","mesh"
"435303","mess"
"435589","metabolism"
"435822","metal"
"436053","metallic"
"436363","metaphor"
"436759","meteoric"
"436790","meteorology"
"437071","method"
"437191","methods"
"438033","meticulous"
"438160","metric"
"438289","metropolitan"
"439143","microbe"
"439180","microbiology"
"439451","microcosm"
"439650","microfilm"
"440130","microphone"
"440958","mid"
"441397","midmorning"
"441401","midnight"
"441585","might"
"441598","mighty"
"441638","migrate"
"441650","migration"
"441669","migratory"
"441851","mildew"
"441882","mileage"
"441897","miles"
"441993","militant"
"442168","milk"
"442441","millennium"
"442621","million"
"442700","mills"
"442848","mimic"
"442961","mind"
"443056","mine"
"443247","mingle"
"443468","minimal"
"443580","minimum"
"443784","mining"
"443846","minister"
"444124","minority"
"444177","mint"
"444225","minus"
"444243","minute"
"444262","minutes"
"444378","miracle"
"444401","mirage"
"444432","mire"
"444718","miscarriage"
"444771","mischance"
"444779","mischief"
"444825","misconceive"
"444889","misdeed"
"444963","miserable"
"444979","misery"
"445015","misfortune"
"445027","misgiving"
"445059","mishap"
"445342","misrepresent"
"445434","missile"
"445469","mission"
"445568","mist"
"445747","misuse"
"445858","mitigate"
"446430","mixture"
"446891","mobile"
"446963","mobilize"
"447026","mock"
"447130","mode"
"447196","model"
"447307","moderate"
"447339","modern"
"447409","modest"
"447510","modify"
"447671","module"
"447965","moist"
"448444","molecule"
"448465","molest"
"448845","momentous"
"448849","momentum"
"448997","monarchy"
"449087","Monday"
"449150","monetary"
"449217","money"
"449506","monitor"
"450331","monologue"
"450587","monopoly"
"450845","monotonous"
"450956","monsoon"
"450962","monster"
"450982","monstrous"
"451146","month"
"451319","mood"
"451750","morality"
"451828","morbid"
"452056","moreover"
"452593","mortal"
"452633","mortgage"
"452807","mosaic"
"453025","mosquito"
"453118","most"
"453192","motel"
"453222","mother"
"453347","motif"
"453360","motion"
"453406","motivate"
"453410","motivation"
"453616","motorcycle"
"453724","motto"
"453761","mould"
"453844","mount"
"453899","mountain"
"454065","mourn"
"454188","moustache"
"454409","movie"
"454440","movies"
"455192","mucous"
"455319","muddle"
"456441","multilateral"
"457189","multiply"
"457590","multitude"
"457808","mundane"
"457855","municipal"
"458167","murmur"
"458421","muscles"
"458442","muscular"
"458971","museum"
"459004","mushroom"
"459026","music"
"459062","musical"
"459357","muster"
"459429","mutation"
"459528","mutter"
"459562","mutual"
"460897","myriad"
"461206","myth"
"461256","mythology"
"462388","naked"
"462618","namely"
"462946","nap"
"463412","narcotic"
"463548","narrative"
"463557","narrator"
"463966","nasty"
"463986","natal"
"464072","national"
"464282","nationalities"
"464284","nationality"
"464313","native"
"464538","natural"
"464835","nature"
"464897","naught"
"464936","nausea"
"464964","nautical"
"465002","naval"
"465102","navigable"
"465112","navigation"
"465569","neat"
"465697","necessitate"
"465721","neck"
"466174","negation"
"466180","negative"
"466450","neglect"
"466469","negligence"
"466487","negligible"
"466496","negotiable"
"466629","neighboring"
"468413","nervous"
"469016","nets"
"469106","network"
"469856","neurosis"
"469901","neurotic"
"470123","neutralize"
"470331","nevertheless"
"470996","newspaper"
"471014","newspapers"
"471362","nibble"
"471445","nicety"
"471510","nickel"
"472111","night"
"472269","nightmare"
"472443","nil"
"473257","nitrogen"
"474175","nobility"
"474179","noble"
"474684","noise"
"474825","noisy"
"474944","nominal"
"475039","nominate"
"475061","nominee"
"475490","non-drinker"
"478368","norm"
"478394","normal"
"479391","nostalgia"
"479767","notable"
"479816","notary"
"479828","notation"
"479835","notch"
"479919","notebook"
"479947","notes"
"479991","nothing"
"480041","notice"
"480129","notify"
"480140","notion"
"480207","notorious"
"480261","nought"
"480292","nourish"
"480302","nourishment"
"480380","novel"
"480417","novelty"
"480420","November"
"480441","novice"
"480539","nowhere"
"480557","noxious"
"480809","nuance"
"481324","nucleus"
"481459","nuisance"
"481492","null"
"481590","nullify"
"481631","numb"
"481907","numerical"
"482037","numerous"
"482190","nurse"
"482223","nursery"
"482241","nursing"
"482257","nurture"
"482410","nutrition"
"482449","nuts"
"482672","nylon"
"483050","oar"
"483081","oasis"
"483106","oath"
"483196","obedient"
"483326","object"
"483476","objection"
"483486","objective"
"483535","objectives"
"483606","obligation"
"483634","obligatory"
"483655","oblige"
"483662","obliging"
"483666","oblique"
"483741","oblivious"
"483748","oblong"
"483767","obnoxious"
"483806","obscene"
"483823","obscure"
"483857","observance"
"483864","observation"
"483894","observatory"
"483895","observe"
"483922","obsess"
"483926","obsession"
"483962","obsolete"
"483978","obstacle"
"484009","obstinate"
"484022","obstruct"
"484166","obvious"
"484191","occasion"
"484395","occupants"
"484399","occupation"
"484415","occupational"
"484457","occupy"
"484464","occur"
"484471","occurrence"
"484486","ocean"
"484896","October"
"485164","odd"
"485256","odds"
"485536","odour"
"485567","Odyssey"
"486329","offence"
"486367","offend"
"486398","offer"
"486485","office"
"486570","officer"
"486757","offset"
"486801","offshore"
"486828","offspring"
"487030","ohp"
"487085","oil"
"488995","Olympic"
"489104","omen"
"489150","ominous"
"489163","omit"
"489386","on"
"490256","once"
"490393","one"
"490827","ongoing"
"490894","online"
"490902","onlooker"
"490987","onset"
"491436","opaque"
"491881","open-book"
"492039","opening"
"492967","opinion"
"493139","opponent"
"493155","opportunities"
"493156","opportunity"
"493170","oppose"
"493191","opposite"
"493220","oppress"
"493306","opt"
"493328","optic"
"493369","optical"
"493675","optimism"
"493732","optimum"
"493809","option"
"493821","optional"
"493894","options"
"494030","oral"
"494311","orbit"
"494390","orchard"
"494403","orchestra"
"494523","ordeal"
"494532","order"
"495064","orderly"
"495098","ordinary"
"495231","ore"
"495339","organ"
"495398","organic"
"495493","organism"
"495504","organization"
"495572","organizer"
"495777","oriental"
"495829","orientation"
"495928","origin"
"495941","original"
"496074","originate"
"496212","ornament"
"496689","orthodox"
"497236","oscillate"
"497896","ostensible"
"497912","ostentation"
"498498","otherwise"
"498892","oust"
"499404","outbreak"
"499425","outcast"
"499436","outcome"
"499458","outcry"
"499465","outdated"
"499478","outdo"
"499617","outfit"
"499751","outlaw"
"499771","outlet"
"499796","outline"
"499822","outlying"
"499908","output"
"500016","outrageous"
"500055","outright"
"500102","outset"
"500188","outskirts"
"500216","outspoken"
"500285","outstrip"
"500369","outweigh"
"500407","oval"
"500551","ovation"
"501058","overall"
"501328","overcome"
"501515","overdue"
"501636","overflow"
"501803","overhaul"
"501815","overhead"
"501879","overhear"
"501971","overlap"
"502118","overlook"
"502370","override"
"502396","overrule"
"502402","overrun"
"502436","overseas"
"502463","oversee"
"502681","overt"
"502689","overtake"
"502711","overthrow"
"502778","overture"
"502849","overwhelm"
"502885","overwrought"
"503068","owe"
"503209","ownership"
"503437","Oxford"
"503542","oxide"
"504765","pace"
"504941","pacific"
"504989","pacify"
"505045","package"
"505359","pad"
"505403","paddle"
"505685","pageant"
"505709","pages"
"505934","painstaking"
"506024","painting"
"506038","pair"
"506168","pal"
"506173","palace"
"506332","palatable"
"506887","palm"
"507153","palpitate"
"507273","pamper"
"507280","pamphlet"
"507750","panel"
"507882","panic"
"508054","panorama"
"508136","pant"
"508326","pants"
"508469","paper"
"508664","papers"
"509221","parachute"
"509327","parade"
"509386","paradise"
"509411","paradox"
"509774","parallel"
"509961","paralyse"
"509966","paralysis"
"510257","paramount"
"510345","paranoia"
"510437","paraphernalia"
"510454","paraphrase"
"510661","parasite"
"511026","parcel"
"511196","parent"
"511231","parental"
"511282","parents"
"511580","park"
"511637","parking"
"511696","parliament"
"511826","parody"
"512205","part"
"512267","part-time"
"512466","partial"
"512733","participants"
"512734","participate"
"512780","particle"
"512894","parties"
"512918","partisan"
"512925","partition"
"513113","party"
"513353","pass"
"513471","passage"
"513547","passengers"
"513610","passion"
"513643","passive"
"513760","passport"
"513981","pastime"
"514042","pasture"
"514089","patch"
"514199","patent"
"514277","paternity"
"514353","pathetic"
"514500","pathos"
"514528","patients"
"514655","patriotism"
"514671","patrol"
"514691","patron"
"514747","pattern"
"514855","patterns"
"515067","pave"
"515074","pavement"
"515237","pay"
"515448","payable"
"515519","payment"
"516304","peasants"
"516575","peculiar"
"516629","pedal"
"516715","pedestrian"
"516987","peel"
"517063","peer"
"517831","penalty"
"517866","pence"
"517988","pendulum"
"518025","penetrate"
"518117","penicillin"
"518280","pennies"
"518323","penny"
"518395","pension"
"519305","per"
"519448","perceive"
"519454","percent"
"519473","percentage"
"519526","perceptible"
"519529","perception"
"519653","percussion"
"519780","perennial"
"519823","perfect"
"520023","performance"
"520136","perfume"
"520595","peril"
"520648","perimeter"
"520762","period"
"520929","periodical"
"520942","periodically"
"521255","periphery"
"521353","periscope"
"521364","perish"
"521372","perishable"
"521682","Perks"
"521753","permanent"
"521936","permeate"
"521973","permissible"
"522011","permit"
"522282","perpendicular"
"522311","perpetual"
"522363","perplex"
"522371","perplexity"
"522433","persecute"
"522462","persevere"
"522510","persist"
"522552","person"
"522606","personal"
"522753","personality"
"522796","personnel"
"522829","perspective"
"522854","perspire"
"522891","pertain"
"522932","pertinent"
"522946","perturb"
"523018","pervade"
"523034","perverse"
"523049","pervert"
"523156","pessimism"
"523179","pester"
"523192","pesticide"
"523238","pet"
"523263","petal"
"523462","petition"
"523630","petrol"
"523656","petroleum"
"523835","PETS"
"523890","petty"
"524638","pharmaceutical"
"524703","pharmacy"
"524841","phase"
"525127","phd"
"525487","phenomenal"
"525506","phenomenon"
"526606","phobia"
"526723","phone"
"526754","phone-in"
"526785","phonetic"
"527744","photocopies"
"527745","photocopy"
"527997","photograph"
"528043","photographs"
"528088","photojournalism"
"528417","photos"
"529323","physical"
"529465","physically"
"529470","physician"
"529561","physiological"
"529626","physique"
"529986","pianist"
"529992","piano"
"530159","pick"
"530372","picnic"
"530546","picture"
"530623","pictures"
"530624","picturesque"
"530662","pie"
"530733","piecemeal"
"530795","pier"
"530808","pierce"
"530908","piety"
"531126","pigment"
"531375","pilgrim"
"531440","pillar"
"531493","pillow"
"531521","pills"
"531578","pilot"
"531771","pimple"
"531784","pin"
"531936","pinch"
"532017","pine"
"532237","pink"
"532334","pinnacle"
"532436","pinpoint"
"533021","piracy"
"533334","piston"
"533388","pit"
"533442","pitch"
"533826","pivot"
"533971","placard"
"533985","place"
"534079","placement"
"534185","places"
"534189","placid"
"534264","plagiarize"
"534321","plague"
"534435","plaintive"
"534467","plan"
"534645","planetarium"
"534718","plank"
"534731","plankton"
"534759","planner"
"534760","planners"
"534761","planning"
"534841","plant"
"535004","plantation"
"535029","planting"
"535045","plants"
"535334","plaster"
"535379","plastic"
"535722","plateau"
"535767","platform"
"535904","platitude"
"536097","plausible"
"536345","player"
"536368","playground"
"536458","plea"
"536487","plead"
"536520","pleasant"
"536568","pleasure"
"536653","pledge"
"537299","pliable"
"537419","plight"
"537552","plot"
"537613","plough"
"537727","plug"
"537830","plumb"
"537996","plummet"
"538042","plunder"
"538055","plunge"
"538200","plus"
"538982","pocket"
"539443","point"
"539612","pointed"
"539675","pointless"
"539711","poise"
"539809","poke"
"539897","polar"
"540090","Pole"
"540198","police"
"540288","policy"
"540398","Polish"
"540454","politic"
"540455","political"
"540698","pollinate"
"540777","pollution"
"542952","pompous"
"543012","ponder"
"543033","ponderous"
"543394","pop"
"543588","popular"
"543635","population"
"543716","porcelain"
"543771","porch"
"543795","pore"
"543973","porous"
"544089","port"
"544218","portable"
"544382","portfolio"
"544421","portion"
"544488","portray"
"544563","pose"
"544620","position"
"544702","positions"
"544704","positive"
"544954","possession"
"545015","post"
"545320","postage"
"545445","postcode"
"545533","poster"
"545666","posterity"
"545762","postgraduate"
"545795","posthumous"
"546074","postpone"
"546151","postscript"
"546236","posture"
"546824","potent"
"546837","potential"
"546989","potion"
"547091","pottery"
"547196","poultry"
"547201","pounce"
"547239","pounds"
"547246","pour"
"547334","poverty"
"547457","power"
"547950","practicable"
"547953","practical"
"547980","practically"
"547984","practice"
"548036","practitioner"
"548133","pragmatic"
"548712","preach"
"548957","precarious"
"548973","precaution"
"548976","precautions"
"548985","precedence"
"549014","precedent"
"549023","preceding"
"549095","precious"
"549106","precipice"
"549117","precipitate"
"549185","precise"
"549200","precision"
"549483","predecessor"
"549635","predictable"
"549695","predisposition"
"549724","predominant"
"549874","preface"
"549914","preference"
"550190","pregnant"
"550343","prejudice"
"550414","preliminary"
"550502","prelude"
"550643","premise"
"550656","premium"
"550937","prepare"
"551051","preposition"
"551211","prerogative"
"551314","prescribe"
"551335","prescription"
"551381","presence"
"551402","present"
"551459","presentation"
"551534","preserve"
"551888","pressure"
"552135","prestige"
"552139","prestigious"
"552179","presumably"
"552191","presumption"
"552293","pretentious"
"552334","pretext"
"552440","prevail"
"552462","prevalent"
"552494","prevention"
"552572","previous"
"552653","prey"
"552704","price"
"553067","primary"
"553477","prime"
"553597","primitive"
"553847","principal"
"554223","printed"
"554302","printing"
"554389","prior"
"554418","priorities"
"554431","priority"
"554670","privacy"
"554686","private"
"554873","privilege"
"554989","prizes"
"555233","probation"
"555264","probe"
"555395","problems"
"555509","procedure"
"555610","proceed"
"555625","proceeding"
"555661","process"
"555897","processing"
"556185","proclaim"
"556382","procure"
"556445","prodigious"
"556529","product"
"556641","production"
"556793","productive"
"556839","productivity"
"556855","products"
"556900","profane"
"556922","profession"
"556924","professional"
"556995","professions"
"556996","professor"
"557024","proficiency"
"557028","profile"
"557064","profit"
"557191","profits"
"557227","profound"
"557249","profuse"
"557346","program"
"557863","prohibit"
"557922","project"
"558055","projector"
"558178","prolific"
"558216","prologue"
"558226","prolong"
"558320","prominent"
"558339","promise"
"558356","promising"
"558385","promote"
"558421","prompt"
"558509","prone"
"558711","propaganda"
"558727","propagate"
"558856","propel"
"558999","property"
"559079","prophecy"
"559228","proportion"
"559289","propose"
"559305","proposition"
"559394","propriety"
"559422","propulsion"
"559660","prosecute"
"559824","prospect"
"559831","prospective"
"559849","prospectus"
"560308","protein"
"560458","protest"
"560696","protocol"
"561084","prototype"
"561157","protract"
"561184","protrude"
"561319","provided"
"561373","provision"
"561378","provisional"
"561469","provoke"
"561555","proximity"
"561569","proxy"
"561823","pry"
"562722","pseudonym"
"563273","psychiatric"
"563283","psychiatry"
"563478","psycholinguistics"
"563484","psychological"
"563512","psychology"
"564156","public"
"564422","publication"
"564436","publicity"
"564877","pull"
"565169","pulp"
"565702","pump"
"565990","punctual"
"566022","puncture"
"566050","pungent"
"566197","pupil"
"566431","pure"
"566540","purest"
"566561","purge"
"566668","purity"
"566862","purpose"
"566962","purse"
"567012","pursuit"
"567358","put"
"568009","puzzle"
"570146","qualification"
"570156","qualifications"
"570204","qualify"
"570225","qualitative"
"570246","quality"
"570397","quantitative"
"570629","quarry"
"570662","quarter"
"570750","quarterly"
"571308","queer"
"571367","quench"
"571569","quest"
"571635","questionnaire"
"571637","questions"
"572575","quit"
"572626","quiver"
"572709","quota"
"573355","rack"
"573388","racket"
"573455","radar"
"573705","radiate"
"573867","radical"
"574105","radio"
"574922","radius"
"575105","raft"
"575154","rage"
"575167","ragged"
"575259","raid"
"575274","rail"
"575363","railway"
"575514","raincoat"
"575528","rainfall"
"575565","rainwater"
"575802","rally"
"575904","ramble"
"576314","rampant"
"576499","random"
"576634","range"
"576773","rank"
"576846","ransom"
"577025","rapid"
"577169","rare"
"577212","rarely"
"577374","rat"
"577477","rate"
"577759","ratio"
"577822","rational"
"578061","ravage"
"578072","rave"
"578153","raw"
"579885","readers"
"579894","readily"
"579901","reading"
"580353","realm"
"580409","reap"
"580469","rear"
"580561","reason"
"580577","reasonable"
"580620","reasons"
"580659","reassure"
"580944","recall"
"581035","recede"
"581045","receipt"
"581284","reception"
"581301","receptionist"
"581336","recession"
"581473","recipe"
"581478","recipient"
"581487","reciprocal"
"581618","recital"
"581628","recite"
"581643","reckless"
"581658","reckon"
"581681","reclaim"
"581719","recline"
"581913","recommendation"
"581969","reconcile"
"582159","record"
"582277","recorder"
"582286","recording"
"582379","records"
"582414","recover"
"582530","recreation"
"582572","recruit"
"582638","rectangle"
"582715","rectify"
"583027","recycle"
"583036","recycled"
"583040","recycling"
"583525","redeem"
"584136","redundant"
"584298","reel"
"584529","referee"
"584536","referees"
"584542","reference"
"584681","referendum"
"584740","refine"
"584812","reflectance"
"585064","reform"
"585213","refrain"
"585273","refreshing"
"585276","refreshment"
"585278","refreshments"
"585343","refugee"
"585353","refund"
"585384","refusal"
"585491","regarding"
"585492","regardless"
"585542","regeneration"
"585628","regime"
"585654","region"
"585687","regional"
"585874","register"
"586016","registrar"
"586024","registration"
"586213","regular"
"586344","regularly"
"586350","regulate"
"586371","regulation"
"586389","regulations"
"586445","rehabilitate"
"586495","rehearsal"
"586634","reign"
"586670","reimburse"
"586781","reinforce"
"586783","reinforced"
"587096","rejoice"
"587169","relapse"
"587189","related"
"587281","relations"
"587283","relationship"
"587541","relaxation"
"587579","relay"
"587634","release"
"587729","relentless"
"587743","relevant"
"587813","reliable"
"587846","relief"
"587911","religion"
"587972","relinquish"
"588090","reluctant"
"588106","rely"
"588198","remark"
"588200","remarkable"
"588266","remedy"
"588352","remind"
"588416","remittance"
"588458","remnant"
"588505","remorse"
"588672","removal"
"588784","renaissance"
"588917","render"
"588954","rendezvous"
"589024","renewal"
"589178","renovation"
"589185","renowned"
"589195","rent"
"589241","rental"
"589421","repair"
"589526","repatriate"
"589641","repel"
"589658","repent"
"589681","repertoire"
"589697","repetition"
"589797","replacement"
"589987","report"
"590093","reports"
"590174","represent"
"590203","representative"
"590301","reproach"
"590429","reptile"
"590611","reputation"
"590629","request"
"590718","requirement"
"590959","rescue"
"590989","research"
"591099","resemblance"
"591102","resemble"
"591112","resent"
"591136","reservation"
"591145","reserve"
"591320","reservoir"
"591420","residence"
"591500","residents"
"591645","resign"
"591655","resignation"
"591672","resilience"
"591799","resistance"
"591898","resistant"
"592003","resolution"
"592042","resolve"
"592098","resonant"
"592191","resort"
"592212","resource"
"592301","resources"
"592351","respiration"
"592470","respondents"
"592481","response"
"592524","responsibility"
"592542","responsive"
"592660","restaurant"
"592668","restaurants"
"592742","restless"
"592783","restore"
"592809","restrain"
"592988","result"
"593046","results"
"593049","resume"
"593142","retail"
"593189","retails"
"593190","retain"
"593443","reticent"
"593702","retirement"
"593771","retort"
"593876","retreat"
"593955","retrieve"
"594202","retrospect"
"594292","return"
"594649","revelation"
"594680","revenge"
"594700","revenue"
"594802","reverent"
"594828","reverse"
"595106","review"
"595142","revise"
"595174","revision"
"595224","revive"
"595282","revolt"
"595344","revolve"
"595409","reward"
"596017","rhetoric"
"596931","rhythm"
"597039","ribbon"
"597204","rice"
"597625","riders"
"597634","ridge"
"597692","ridiculous"
"597877","rig"
"598332","righteous"
"598409","rigid"
"598477","rigorous"
"598540","rim"
"599018","riot"
"599040","rip"
"599121","ripple"
"599252","rising"
"599359","risks"
"599452","ritual"
"599488","rival"
"599601","rivers"
"599618","rivet"
"599807","road"
"599922","roam"
"599940","roar"
"599957","roast"
"599995","robber"
"600260","robots"
"600275","robust"
"600338","rock"
"600602","rocks"
"601078","role"
"601112","roll"
"601826","room"
"601864","roommate"
"602785","rot"
"602941","rotate"
"603348","rough"
"603768","rouse"
"603813","route"
"603858","routine"
"604144","rows"
"604174","royal"
"604444","rub"
"604491","rubber"
"604657","rubbish"
"605090","ruffle"
"605234","ruinous"
"605244","rule"
"605337","rules"
"605496","rumour"
"606155","rupture"
"606178","rural"
"606342","Russia"
"606404","rust"
"606550","ruthless"
"607068","sabotage"
"607368","sack"
"607466","sacred"
"607483","sacrifice"
"607604","saddle"
"607756","safari"
"607763","safe"
"607854","safeguard"
"607884","safety"
"608295","sailing"
"608551","sake"
"608660","salad"
"608747","salary"
"608788","sale"
"608888","sales"
"609187","saline"
"609904","salute"
"609926","salvage"
"610280","sample"
"610583","sanction"
"610977","sandwich"
"611152","sanitary"
"611195","sanity"
"611815","sarcasm"
"612379","satellite"
"612492","satisfaction"
"612573","saturate"
"612649","Saturday"
"612717","sauce"
"612930","savage"
"613060","saving"
"613073","savings"
"613337","say"
"613640","scale"
"613808","scalpel"
"613869","scan"
"613906","scandal"
"614044","scant"
"614074","scapegoat"
"614163","scar"
"614190","scarce"
"614194","scarcely"
"614433","scatter"
"614601","scenery"
"614620","scent"
"614653","sceptical"
"614806","schedule"
"614973","scheme"
"615581","scholarship"
"615631","school"
"616179","science"
"616206","scientific"
"616262","scientists"
"616459","scissors"
"616784","scold"
"616903","scoop"
"617041","scorch"
"617058","score"
"617111","scorn"
"617221","Scotland"
"617265","scotsman"
"617355","scout"
"617471","scrap"
"617492","scrape"
"617548","scratch"
"617787","screw"
"617986","script"
"618047","scroll"
"618221","scrupulous"
"618246","scrutiny"
"618335","sculpture"
"618345","scum"
"618941","seafood"
"618982","seal"
"619128","seam"
"619355","season"
"619395","seasoned"
"619406","seat"
"619445","seats"
"619692","seclude"
"619724","second"
"619921","second-hand"
"619980","secondary"
"620393","secretary"
"620430","secretion"
"620496","section"
"620537","sectional"
"620583","sector"
"620627","secular"
"620928","sediment"
"621306","seemingly"
"621313","seep"
"621379","segment"
"621538","segregate"
"621673","seismic"
"621974","selection"
"622583","self-defense"
"622637","self-discipline"
"623170","self-sufficient"
"623649","semblance"
"623794","semester"
"624463","seminar"
"625092","senior"
"625221","sense"
"625319","sensible"
"625362","sensitive"
"625562","sentences"
"625584","sentiment"
"625936","September"
"625969","septic"
"626137","sequence"
"626513","serial"
"626643","series"
"626755","serious"
"627316","service"
"627742","session"
"627796","set"
"628137","setback"
"628225","setting"
"628262","settle"
"628312","settlement"
"628478","several"
"628504","severe"
"628573","sewage"
"628605","sewer"
"628640","sex"
"629042","shabby"
"629211","shaft"
"629445","shallow"
"629512","shamble"
"629655","shanty"
"629982","sharp"
"630103","shatter"
"630128","shave"
"630233","shear"
"630337","shed"
"630381","sheep"
"630449","sheer"
"630467","sheet"
"630588","shelf"
"630605","shell"
"630748","shelter"
"630825","shepherd"
"631022","shield"
"631092","shift"
"631320","shimmer"
"631430","ship"
"631848","shiver"
"631894","shoal"
"631903","shock"
"632051","shoes"
"632199","shop"
"632305","shopping"
"632395","short"
"632752","shortage"
"633060","shovel"
"633260","shower"
"633355","shred"
"633374","shrewd"
"633435","shrink"
"633514","shrub"
"633526","shrug"
"633766","shutter"
"633778","shuttle"
"634061","sick"
"634096","sicken"
"634160","sickness"
"634210","side"
"634687","siege"
"634777","sieve"
"634866","sigh"
"634881","sight"
"634960","sightseeing"
"635051","sign"
"635143","signal"
"635309","signature"
"635378","significant"
"635401","signify"
"635544","silence"
"635566","silent"
"636119","silver"
"636546","similar"
"636698","simple"
"636993","simplify"
"637042","simulate"
"637151","simultaneous"
"637268","sincere"
"637430","single"
"637941","singular"
"638033","sink"
"638960","site"
"638984","sites"
"639068","situated"
"639255","size"
"639303","sizes"
"639397","skating"
"639480","skeleton"
"639560","sketch"
"639747","skiing"
"639756","skill"
"639794","skills"
"639796","skim"
"639848","skin"
"639992","skip"
"640069","skirt"
"640376","slab"
"640400","slack"
"640436","slag"
"640505","slam"
"640526","slander"
"640540","slang"
"640581","slap"
"640635","slate"
"640680","slaughter"
"640887","sleep"
"640960","sleeping"
"641006","sleepy"
"641066","slender"
"641131","slice"
"641199","slide"
"641315","slight"
"641339","slim"
"641421","slip"
"641545","slippery"
"641580","slit"
"641665","slogan"
"641704","slope"
"641765","slot"
"642072","sluggish"
"642101","slum"
"642505","smart"
"642564","smash"
"642682","smelly"
"642900","smoke"
"642983","smokers"
"643010","smoking"
"643057","smooth"
"643164","smother"
"643218","smuggle"
"643275","snack"
"643289","snacks"
"643532","snatch"
"644263","soak"
"644381","soar"
"644418","sober"
"644479","sociable"
"644482","social"
"644811","sociology"
"646035","soil"
"646202","solar"
"646358","sole"
"646409","solemn"
"646688","solidarity"
"646781","solitary"
"646825","solo"
"646898","soluble"
"646959","solution"
"647035","solve"
"647049","solvent"
"647309","somehow"
"647362","somewhat"
"647837","sophisticated"
"647990","sore"
"648130","sort"
"648410","sound"
"648606","soundproof"
"648651","sour"
"648685","source"
"648762","sources"
"649046","souvenir"
"649048","souvenirs"
"649063","sovereign"
"649110","sow"
"649228","space"
"649529","spacious"
"649616","Spain"
"649649","span"
"649705","Spanish"
"649804","spare"
"649899","spark"
"649962","sparkle"
"650013","sparse"
"650206","spatial"
"650385","speaker"
"650403","speaking"
"650466","special"
"650811","speciality"
"650821","specialize"
"650865","species"
"650882","specific"
"651053","specification"
"651114","specimen"
"651160","spectacle"
"651169","spectacular"
"651179","spectator"
"651350","spectrum"
"651375","speculate"
"651424","speech"
"651528","speed"
"651788","spending"
"652281","sphere"
"652618","spider"
"652790","spill"
"652842","spin"
"653335","spiral"
"653622","spiritual"
"653940","spit"
"654093","splash"
"654184","splendid"
"654385","split"
"654608","spoil"
"654660","spokesman"
"654745","sponge"
"654869","sponsor"
"654882","spontaneous"
"655024","spoons"
"655041","sporadic"
"655192","sport"
"655235","sports"
"655269","sportsman"
"655281","sportswear"
"655301","spot"
"655407","spotlight"
"655472","spouse"
"655538","sprawl"
"655545","spray"
"655764","spring"
"655979","sprint"
"656021","sprout"
"656146","spur"
"656434","square"
"656687","squeeze"
"657237","stability"
"657263","stabilize"
"657384","stack"
"657540","stadium"
"657580","staff"
"657655","stage"
"657755","stagger"
"657819","stagnant"
"657873","stain"
"657931","stairs"
"657945","stake"
"658002","stale"
"658057","stall"
"658230","stand"
"658450","standard"
"658750","standards"
"658783","standing"
"659138","staple"
"659167","star"
"659271","starch"
"659552","starter"
"659567","starting"
"659643","startle"
"659673","starve"
"659999","statement"
"660160","States"
"660166","statesman"
"660184","static"
"660360","station"
"660406","stationary"
"660471","stationery"
"660478","stations"
"660601","statistics"
"660655","statue"
"660672","status"
"660777","statute"
"661047","steadfast"
"661063","steady"
"661107","steak"
"661165","steam"
"661394","steamer"
"661557","steel"
"661735","steep"
"661782","steer"
"661799","steering"
"662024","stem"
"662593","steps"
"662686","stereo"
"662919","stereotype"
"663003","sterilize"
"663020","sterling"
"663044","stern"
"663318","steward"
"663457","stick"
"663637","stiff"
"663914","stimulate"
"663941","stimulus"
"663954","sting"
"664098","stipulate"
"664194","stitch"
"664311","stock"
"664782","stomach"
"664925","stone"
"665038","stones"
"665112","stoop"
"665354","storage"
"665463","store"
"665569","storehouse"
"665583","stores"
"665610","storey"
"665717","story"
"666092","straightforward"
"666109","strain"
"666164","strait"
"666272","strap"
"666421","strategic"
"666452","strategy"
"666796","street"
"666917","strength"
"666935","strengthen"
"666955","strenuous"
"667257","stress"
"667310","stressful"
"667317","stretch"
"667535","stride"
"667584","strike"
"667701","striking"
"667723","string"
"667864","strip"
"667927","stripe"
"668013","strive"
"668100","stroke"
"668298","stronger"
"668535","structural"
"668978","stubborn"
"669025","student"
"669059","studies"
"669060","studio"
"669073","study"
"669087","stuff"
"669150","stumble"
"669297","sturdy"
"669375","style"
"669391","styles"
"670301","subcommittee"
"670533","subdue"
"670900","subject"
"670965","subjective"
"671005","subjects"
"671196","submarine"
"671253","submerge"
"671347","submit"
"671563","subordinate"
"671925","subscribe"
"672042","subsequent"
"672103","subside"
"672112","subsidiary"
"672182","subsidy"
"672307","substantial"
"672337","substantiate"
"672394","substitute"
"672698","subtitle"
"672700","subtitles"
"672702","subtle"
"672728","subtract"
"672818","suburb"
"672968","successful"
"672981","succession"
"673055","succinct"
"673146","succumb"
"673202","suck"
"673479","sue"
"673564","sufficient"
"673645","sugar"
"673758","suggestion"
"673763","suggestions"
"673806","suicide"
"673838","suit"
"673863","suitable"
"673869","suitcase"
"673871","suite"
"674815","sulphur"
"675015","summary"
"675093","summer"
"675191","summit"
"675201","summon"
"675423","Sunday"
"675457","sundial"
"675562","sunlight"
"675860","superb"
"676136","superficial"
"676213","superfluous"
"676365","superintend"
"676384","superior"
"676520","supermarket"
"676797","supersede"
"676857","supersonic"
"676901","superstition"
"676926","superstructure"
"676999","supervise"
"677022","supervisor"
"677191","supplementary"
"677296","supply"
"677352","support"
"677440","supposedly"
"677446","supposition"
"677460","suppress"
"677849","supreme"
"677919","surcharge"
"677984","surface"
"678243","surge"
"678268","surgeon"
"678279","surgery"
"678395","surmount"
"678402","surname"
"678413","surpass"
"678422","surplus"
"678488","surprise"
"678520","surrender"
"678567","surroundings"
"678606","survey"
"678641","survival"
"678697","susceptible"
"678731","suspect"
"678752","suspend"
"678799","suspense"
"678815","suspension"
"678881","suspicious"
"678910","sustain"
"678943","sustenance"
"679309","swallow"
"679351","swamp"
"679513","swarm"
"679588","sway"
"679618","swear"
"679706","sweater"
"679782","sweep"
"680050","swell"
"680116","swerve"
"680143","swift"
"680208","swimming"
"680277","swing"
"680390","swirl"
"680429","switch"
"680839","sydney"
"680919","syllabus"
"681206","symbolize"
"681326","symmetry"
"681364","sympathetic"
"681511","symphony"
"681581","symposium"
"681587","symptom"
"681899","synchronize"
"682187","syndicate"
"682410","synonym"
"682658","synthesis"
"682690","synthetic"
"683117","system"
"683308","systematic"
"683399","systems"
"683787","table"
"683976","tables"
"683985","tablet"
"683995","tablets"
"684011","taboo"
"684224","tacit"
"684279","tackle"
"684324","tactic"
"684569","tag"
"685023","take"
"685983","talented"
"686454","tame"
"686526","tamper"
"686732","tangible"
"686761","tangle"
"687125","tap"
"687190","tape"
"687512","tar"
"687687","target"
"687816","tariff"
"687900","tarnish"
"688798","taxation"
"688831","taxi"
"689110","tea"
"689238","teacher"
"689258","teaching"
"689313","team"
"689345","teams"
"689362","tear"
"689460","tease"
"689534","technical"
"689679","technician"
"689695","technique"
"689706","techniques"
"689756","technology"
"689897","tedious"
"689935","teem"
"690004","teeth"
"690669","telephone"
"690858","telescope"
"691026","television"
"691095","telex"
"691202","telling"
"691423","temper"
"691435","temperament"
"691445","temperate"
"691452","temperature"
"691613","temple"
"691626","temples"
"691634","tempo"
"691692","temporary"
"691868","temptation"
"691939","tenable"
"691944","tenacious"
"691962","tenancy"
"692039","tendency"
"692045","tender"
"692301","tennis"
"692476","tension"
"692538","tentacle"
"692558","tentative"
"692974","term"
"693066","terminal"
"693226","terminate"
"693343","terms"
"693492","terrace"
"693512","terrain"
"693569","terrestrial"
"693595","terrific"
"693599","terrify"
"693612","territorial"
"693666","territory"
"693670","terror"
"693708","terse"
"693781","tertiary"
"693921","test"
"694239","testimony"
"695371","text"
"695443","textbook"
"695456","textile"
"695511","texture"
"695980","thaw"
"696894","theatre"
"697005","theft"
"697138","theme"
"697350","theoretical"
"697419","theory"
"697551","therapist"
"697557","therapy"
"697618","thereby"
"697675","thermal"
"698300","thermometer"
"698595","thesaurus"
"698608","thesis"
"698886","thief"
"698944","thigh"
"699223","thinking"
"699657","third"
"699804","thirst"
"700278","thorn"
"700347","thorough"
"700403","thought"
"700426","thoughtful"
"700433","thoughts"
"700436","thousand"
"700588","threats"
"700981","threshold"
"701066","thrill"
"701070","thriller"
"701090","thrive"
"701102","throat"
"701273","throng"
"701376","throughout"
"701584","thrust"
"701694","thumb"
"701770","thunder"
"701881","Thursday"
"702424","tick"
"702456","ticket"
"702491","tickets"
"702589","tide"
"702636","tidy"
"702890","tighten"
"703000","tile"
"703017","tiles"
"703112","tilt"
"703166","timber"
"703209","time"
"703696","timely"
"703751","timetable"
"703768","timidity"
"704081","tinge"
"704509","tissue"
"704711","title"
"705743","toast"
"705937","toddle"
"706127","toil"
"706211","token"
"706312","tolerable"
"706319","tolerance"
"706366","toll"
"706884","tones"
"706917","tongue"
"706978","tonic"
"707266","tools"
"707434","top"
"707736","topic"
"707755","topics"
"707997","torch"
"708080","torment"
"708106","tornado"
"708239","torrent"
"708408","torture"
"708494","toss"
"708549","total"
"709006","touching"
"709021","touchy"
"709023","tough"
"709075","tour"
"709106","touring"
"709108","tourism"
"709109","tourist"
"709129","tourists"
"709138","tournament"
"709165","tours"
"709212","tow"
"709268","towel"
"709289","tower"
"709368","town"
"709483","toxic"
"709810","toys"
"709914","trace"
"710199","track"
"710365","tract"
"710384","traction"
"710404","tractor"
"710499","trade"
"710775","traditional"
"710829","traffic"
"710935","tragedy"
"710983","trail"
"711071","train"
"711130","training"
"711170","trains"
"711183","trait"
"711186","traitor"
"711252","tramp"
"711268","trample"
"711325","tranquility"
"711405","transaction"
"711547","transcend"
"711611","transcript"
"711706","transfer"
"711933","transform"
"712009","transfuse"
"712052","transgress"
"712182","transistor"
"712251","transit"
"712309","transition"
"712556","translucent"
"712598","transmission"
"712854","transparent"
"712924","transplant"
"712952","transport"
"713014","transportation"
"713324","trap"
"713528","trauma"
"713661","travel"
"713717","travelers"
"713720","traveling"
"713801","traverse"
"714076","treatise"
"714079","treatment"
"714096","treaty"
"714135","treble"
"714166","tree"
"714281","trees"
"714326","trek"
"714364","tremble"
"714389","tremendous"
"714444","trench"
"714484","trend"
"714522","trends"
"714610","trespass"
"714813","trial"
"714965","triangle"
"715161","tribe"
"715315","tributary"
"715327","tributes"
"715865","trick"
"715897","trickle"
"716290","trifle"
"716407","trigger"
"716757","trim"
"717077","trinity"
"717223","trip"
"717379","triple"
"717949","triumph"
"718006","trivial"
"718245","trolley"
"718536","tropic"
"718721","trouble"
"718806","troupe"
"718830","trousers"
"718910","truant"
"718925","truce"
"719256","trumpet"
"719354","trunk"
"719534","trustworthy"
"720071","tube"
"720617","tuck"
"720674","Tuesday"
"720730","tug"
"720769","tuition"
"720870","tumble"
"720968","tumour"
"720985","tumult"
"721029","tune"
"721290","tunnel"
"721343","tunnels"
"721595","turbulent"
"721653","turf"
"721822","turmoil"
"722097","turning"
"722146","turnover"
"722437","tutor"
"722447","tutorial"
"722522","TV"
"722658","tweezers"
"722780","twig"
"722794","twilight"
"722909","twinkle"
"722948","twist"
"723685","type"
"723857","types"
"723997","typhoon"
"724017","typical"
"724104","tyrannical"
"724140","tyre"
"724624","ugly"
"725052","ultimately"
"725059","ultimatum"
"725483","ultraviolet"
"726030","unanimous"
"726864","uncomfortable"
"726940","unconditional"
"727018","unconscious"
"727099","unconvincing"
"728048","underestimate"
"728113","undergo"
"728124","undergraduate"
"728131","underground"
"728210","underline"
"728231","underlying"
"728255","undermine"
"728277","underneath"
"728490","understanding"
"728538","undertake"
"728657","underwrite"
"728842","undo"
"728880","undoubtedly"
"728916","undue"
"728993","uneasy"
"729045","unemployment"
"729175","uneven"
"729269","unfair"
"729433","unfold"
"729550","ungainly"
"729755","unhealthy"
"730046","uniform"
"730177","unify"
"730195","unilateral"
"730466","union"
"730605","unique"
"730907","united"
"731097","universal"
"731281","universities"
"731552","unlikely"
"732436","unravel"
"732593","unreliable"
"732672","unrest"
"733143","unsocial"
"733621","untold"
"733750","unusual"
"734156","up-to-date"
"734225","update"
"734337","uphold"
"734360","upkeep"
"734601","upright"
"734616","uprising"
"734647","upset"
"735191","urchin"
"736235","usage"
"736382","useful"
"736397","useless"
"736601","usual"
"736679","utensils"
"736866","utility"
"736952","utmost"
"737024","utterly"
"737291","vacancies"
"737292","vacancy"
"737326","vacation"
"737379","vaccine"
"737507","vacuum"
"737989","vain"
"738277","validity"
"738349","valley"
"738475","valuation"
"738506","value"
"738629","valve"
"739117","vanish"
"739138","vanity"
"739172","vanquish"
"739400","variable"
"739548","variant"
"739561","variation"
"739635","varied"
"739662","variety"
"739755","various"
"739851","vary"
"740661","vegetable"
"740730","vegetarian"
"740737","vegetation"
"740782","vehement"
"740785","vehicle"
"740804","veil"
"740820","vein"
"740950","velocity"
"741048","velvet"
"741641","venerate"
"741706","vengeance"
"741833","vent"
"741896","ventilate"
"742122","venture"
"742286","verbal"
"742421","verdict"
"742472","verge"
"742880","versatile"
"742894","versed"
"742930","version"
"742945","versus"
"743037","vertical"
"743563","vessel"
"743745","veteran"
"743754","veterinarian"
"743790","veto"
"743814","vex"
"743885","via"
"743895","viable"
"743979","vibrate"
"744273","vice"
"744380","vicinity"
"744381","vicious"
"744566","video"
"744730","videos"
"744731","videotape"
"744852","view"
"744945","vigilant"
"744989","vigorous"
"745069","village"
"745293","vindicate"
"745564","violate"
"745592","violent"
"745949","virtual"
"746029","virtually"
"746044","virtuous"
"746066","virus"
"746113","visa"
"746128","visas"
"746356","visible"
"746468","visitors"
"746510","visual"
"746644","visualize"
"746700","vital"
"747148","vivid"
"747319","vocabulary"
"747370","vocation"
"747371","vocational"
"747454","vogue"
"747583","void"
"747673","volatile"
"747736","volcano"
"747879","voltage"
"748052","volume"
"748201","voluntary"
"748275","volunteer"
"748284","volunteers"
"748348","vomit"
"748649","voucher"
"748685","vow"
"748934","vulgar"
"748968","vulnerable"
"749395","wager"
"749435","waggon"
"749537","wail"
"749670","waiter"
"749702","waitress"
"749996","walking"
"750045","wall"
"750249","walls"
"750408","wander"
"750460","wane"
"750776","ward"
"750796","warden"
"750819","wardrobe"
"750842","warehouse"
"750938","warm"
"750994","warming"
"751127","warranty"
"751241","wary"
"751369","washing"
"751518","waste"
"751710","watchdog"
"751747","water"
"752189","water-clock"
"752294","water-proof"
"752321","water-skiing"
"752430","waterfall"
"752710","wave"
"752876","waver"
"752918","wax"
"753266","wealth"
"753287","weapon"
"753311","wear"
"753408","weary"
"753430","weather"
"753546","weave"
"753572","web"
"753677","website"
"753716","wedding"
"753757","wedge"
"753807","Wednesday"
"753821","weed"
"753851","weeds"
"753871","weekdays"
"753872","weekend"
"753879","weekends"
"753884","weekly"
"754102","weight"
"754316","weird"
"754441","weld"
"754654","welfare"
"755320","west"
"755436","western"
"755522","westerner"
"755764","wetland"
"755909","whales"
"756078","whatever"
"756175","wheel"
"756265","wheels"
"756369","whereas"
"756372","whereby"
"756498","whilst"
"756558","whip"
"756654","whirl"
"756779","whistle"
"757597","wholesale"
"757621","wholesome"
"757769","wicked"
"757840","wide"
"757984","width"
"758017","wield"
"758373","wilderness"
"758397","wildlife"
"758797","willow"
"759012","wind"
"759225","window"
"759539","wing"
"760229","wisdom"
"760237","wise"
"760353","wit"
"760767","withdraw"
"760821","wither"
"760841","withhold"
"761084","withstand"
"761104","witness"
"761527","wollongong"
"761713","wood"
"762017","woods"
"762386","wording"
"762400","words"
"762757","worker"
"762800","working"
"762980","workload"
"763035","workshop"
"763043","workshops"
"763066","world"
"763324","worship"
"763404","worthwhile"
"763586","wrap"
"763658","wreathe"
"763666","wreck"
"763698","wrench"
"763713","wrestle"
"763730","wretched"
"763783","wrinkle"
"763987","writer"
"764007","writing"
"764183","wrought"
"764570","x-ray"
"766083","yard"
"766149","yarn"
"766266","yawn"
"766392","yearn"
"766506","yellow"
"766805","yen"
"766982","yield"
"767166","yoga"
"767214","yoke"
"767335","york"
"767519","youngster"
"767559","youth"
"768672","zero"
"768853","zest"
"769890","zoo"
"769985","zoology"
